Left_Hand_Side,Right_Hand_Side,Support,Confidence,Lift
3 STRIPEY MICE FELTCRAFT,FELTCRAFT 6 FLOWER FRIENDS,0.007897210905672204,0.3222506393861893,11.349909385003643
3 STRIPEY MICE FELTCRAFT,FELTCRAFT BUTTERFLY HEARTS,0.008335944844876214,0.34015345268542196,12.680253125224082
3 STRIPEY MICE FELTCRAFT,PINK BLUE FELT CRAFT TRINKET BOX,0.00532748354747728,0.21739130434782608,7.673624470950365
3 STRIPEY MICE FELTCRAFT,PINK CREAM FELT CRAFT TRINKET BOX,0.005828893763710436,0.2378516624040921,7.200992929140968
60 CAKE CASES VINTAGE CHRISTMAS,PAPER CHAIN KIT 50'S CHRISTMAS,0.009714822939517392,0.34598214285714285,5.7322378912624234
60 CAKE CASES VINTAGE CHRISTMAS,PAPER CHAIN KIT VINTAGE CHRISTMAS,0.010466938263867126,0.37276785714285715,8.644638314991694
60 CAKE CASES VINTAGE CHRISTMAS,SET OF 20 VINTAGE CHRISTMAS NAPKINS,0.011156377311187715,0.39732142857142855,13.516553076454462
60 TEATIME FAIRY CAKE CASES,72 SWEETHEART FAIRY CAKE CASES,0.013224694453149484,0.33492063492063495,11.132622354497355
60 TEATIME FAIRY CAKE CASES,PACK OF 60 DINOSAUR CAKE CASES,0.013412723284236917,0.3396825396825397,10.626735138499845
60 TEATIME FAIRY CAKE CASES,PACK OF 60 PINK PAISLEY CAKE CASES,0.016734565966781575,0.42380952380952386,10.435001469723693
60 TEATIME FAIRY CAKE CASES,PACK OF 60 SPACEBOY CAKE CASES,0.010028204324663115,0.25396825396825395,10.31059412738802
60 TEATIME FAIRY CAKE CASES,PACK OF 72 RETROSPOT CAKE CASES,0.019743027264180507,0.5,8.041834677419356
60 TEATIME FAIRY CAKE CASES,PACK OF 72 SKULL CAKE CASES,0.010842995926041992,0.27460317460317457,8.941415613864592
60 TEATIME FAIRY CAKE CASES,SET OF 60 PANTRY DESIGN CAKE CASES,0.008461297398934503,0.21428571428571427,7.078527062999112
72 SWEETHEART FAIRY CAKE CASES,PACK OF 60 DINOSAUR CAKE CASES,0.011532434973362583,0.38333333333333336,11.992320261437909
72 SWEETHEART FAIRY CAKE CASES,PACK OF 60 PINK PAISLEY CAKE CASES,0.010905672203071138,0.36250000000000004,8.925443672839506
72 SWEETHEART FAIRY CAKE CASES,PACK OF 60 SPACEBOY CAKE CASES,0.008210592290817926,0.2729166666666667,11.079861111111112
72 SWEETHEART FAIRY CAKE CASES,PACK OF 72 RETROSPOT CAKE CASES,0.013412723284236917,0.44583333333333336,7.170635920698926
72 SWEETHEART FAIRY CAKE CASES,PACK OF 72 SKULL CAKE CASES,0.008210592290817926,0.2729166666666667,8.886500850340138
72 SWEETHEART FAIRY CAKE CASES,SET OF 3 HEART COOKIE CUTTERS,0.006016922594797869,0.2,6.25686274509804
ALARM CLOCK BAKELIKE GREEN,ALARM CLOCK BAKELIKE IVORY,0.017047947351927297,0.34827144686299616,12.053516127329944
ALARM CLOCK BAKELIKE GREEN,ALARM CLOCK BAKELIKE PINK,0.021121905358821687,0.43149807938540335,11.590154640730825
ALARM CLOCK BAKELIKE GREEN,ALARM CLOCK BAKELIKE RED,0.032842369163271705,0.6709346991037133,12.520190788537715
IVORY DINER WALL CLOCK,ALARM CLOCK BAKELIKE GREEN,0.005014102162331557,0.21164021164021163,4.323584605274746
RED DINER WALL CLOCK,ALARM CLOCK BAKELIKE GREEN,0.005828893763710436,0.2330827067669173,4.761631992914425
ALARM CLOCK BAKELIKE IVORY,ALARM CLOCK BAKELIKE PINK,0.014415543716703227,0.49891540130151846,13.401002066945667
ALARM CLOCK BAKELIKE IVORY,ALARM CLOCK BAKELIKE RED,0.01936696960200564,0.6702819956616053,12.508010807930892
ALARM CLOCK BAKELIKE PINK,ALARM CLOCK BAKELIKE RED,0.02387966154810404,0.6414141414141413,11.96931301317266
IVORY DINER WALL CLOCK,ALARM CLOCK BAKELIKE RED,0.006267627702914447,0.26455026455026454,4.936724527367802
RED DINER WALL CLOCK,ALARM CLOCK BAKELIKE RED,0.007082419304293325,0.28320802005012535,5.284893520350585
ANTIQUE SILVER T-LIGHT GLASS,VICTORIAN GLASS HANGING T-LIGHT,0.006831714196176747,0.20683111954459205,4.1095772258206305
BAKING SET 9 PIECE RETROSPOT,BAKING SET SPACEBOY DESIGN,0.018740206831714196,0.3628640776699029,14.052175629182768
BAKING SET 9 PIECE RETROSPOT,RETROSPOT TEA SET CERAMIC 11 PC,0.014102162331557505,0.27305825242718446,5.432224959446045
BAKING SET SPACEBOY DESIGN,RETROSPOT TEA SET CERAMIC 11 PC,0.006330303979943591,0.24514563106796114,4.8769308524804496
PARTY METAL SIGN,BATHROOM METAL SIGN,0.00463804450015669,0.2010869565217391,7.806185866920554
BLUE HARMONICA IN BOX,RED  HARMONICA IN BOX,0.01654653713569414,0.528,15.600444444444445
BLUE HARMONICA IN BOX,VINTAGE SNAP CARDS,0.007019743027264181,0.224,5.232679355783309
BLUE HARMONICA IN BOX,WOODEN BOX OF DOMINOES,0.006769037919147603,0.21600000000000003,7.850296127562643
CHARLOTTE BAG APPLES DESIGN,CHARLOTTE BAG PINK POLKADOT,0.009213412723284237,0.3491686460807601,11.558061718295699
CHARLOTTE BAG APPLES DESIGN,CHARLOTTE BAG SUKI DESIGN,0.010968348480100282,0.4156769596199525,11.454448861375374
CHARLOTTE BAG APPLES DESIGN,JUMBO BAG ALPHABET,0.006455656534001881,0.2446555819477435,5.332622691224382
CHARLOTTE BAG APPLES DESIGN,JUMBO BAG APPLES,0.010216233155750548,0.38717339667458434,8.762200771550345
CHARLOTTE BAG APPLES DESIGN,JUMBO BAG PEARS,0.005703541209652147,0.21615201900237532,7.464730439789823
CHARLOTTE BAG APPLES DESIGN,JUMBO BAG PINK POLKADOT,0.005640864932623002,0.2137767220902613,3.947693982581156
CHARLOTTE BAG APPLES DESIGN,JUMBO BAG RED RETROSPOT,0.007897210905672204,0.29928741092636585,3.035683815213075
CHARLOTTE BAG APPLES DESIGN,JUMBO BAG VINTAGE LEAF,0.006142275148856158,0.23277909738717342,4.9453934737847565
CHARLOTTE BAG APPLES DESIGN,LUNCH BAG  BLACK SKULL.,0.006518332811031024,0.24703087885985747,3.7934337557353475
CHARLOTTE BAG APPLES DESIGN,LUNCH BAG ALPHABET DESIGN,0.006330303979943591,0.23990498812351546,6.066060357386195
CHARLOTTE BAG APPLES DESIGN,LUNCH BAG APPLE DESIGN,0.011407082419304293,0.43230403800475065,8.095552730476287
CHARLOTTE BAG APPLES DESIGN,LUNCH BAG CARS BLUE,0.006581009088060169,0.2494061757719715,4.197548032111609
CHARLOTTE BAG APPLES DESIGN,LUNCH BAG PINK POLKADOT,0.006392980256972736,0.24228028503562948,4.229301912191978
CHARLOTTE BAG APPLES DESIGN,LUNCH BAG RED RETROSPOT,0.007959887182701348,0.3016627078384798,3.8017602713767342
CHARLOTTE BAG APPLES DESIGN,LUNCH BAG SPACEBOY DESIGN,0.006330303979943591,0.23990498812351546,3.913787408497637
CHARLOTTE BAG APPLES DESIGN,LUNCH BAG SUKI DESIGN,0.007145095581322469,0.27078384798099764,4.8434487606914995
CHARLOTTE BAG APPLES DESIGN,LUNCH BAG VINTAGE LEAF DESIGN,0.007771858351613914,0.29453681710213775,7.992066185143891
CHARLOTTE BAG APPLES DESIGN,LUNCH BAG WOODLAND,0.006330303979943591,0.23990498812351546,4.7489876991447755
CHARLOTTE BAG APPLES DESIGN,RED RETROSPOT CHARLOTTE BAG,0.013162018176120338,0.498812351543943,10.857504868872592
CHARLOTTE BAG APPLES DESIGN,STRAWBERRY CHARLOTTE BAG,0.009965528047633971,0.3776722090261283,12.398683323069706
CHARLOTTE BAG APPLES DESIGN,WOODLAND CHARLOTTE BAG,0.010341585709808837,0.3919239904988124,11.933487153451432
CHARLOTTE BAG PINK POLKADOT,CHARLOTTE BAG SUKI DESIGN,0.014102162331557505,0.466804979253112,12.863339281491193
CHARLOTTE BAG PINK POLKADOT,JUMBO BAG PINK POLKADOT,0.009088060169225948,0.3008298755186722,5.555255398032887
CHARLOTTE BAG PINK POLKADOT,JUMBO BAG RED RETROSPOT,0.01009088060169226,0.3340248962655602,3.388027476107446
CHARLOTTE BAG PINK POLKADOT,JUMBO STORAGE BAG SUKI,0.006894390473205891,0.22821576763485477,4.7411231414246195
CHARLOTTE BAG PINK POLKADOT,LUNCH BAG  BLACK SKULL.,0.008586649952992792,0.2842323651452282,4.3647039325236925
CHARLOTTE BAG PINK POLKADOT,LUNCH BAG APPLE DESIGN,0.006392980256972736,0.21161825726141079,3.9628747589270064
CHARLOTTE BAG PINK POLKADOT,LUNCH BAG CARS BLUE,0.008523973675963649,0.2821576763485477,4.748761314494809
CHARLOTTE BAG PINK POLKADOT,LUNCH BAG PINK POLKADOT,0.009652146662488249,0.31950207468879666,5.577303721728392
CHARLOTTE BAG PINK POLKADOT,LUNCH BAG RED RETROSPOT,0.010341585709808837,0.3423236514522821,4.314197360917189
CHARLOTTE BAG PINK POLKADOT,LUNCH BAG SPACEBOY DESIGN,0.008022563459730491,0.2655601659751037,4.332323566597934
CHARLOTTE BAG PINK POLKADOT,LUNCH BAG SUKI DESIGN,0.007145095581322469,0.23651452282157673,4.230481178944234
CHARLOTTE BAG PINK POLKADOT,LUNCH BAG WOODLAND,0.006581009088060169,0.21784232365145226,4.31225096012273
CHARLOTTE BAG PINK POLKADOT,RED RETROSPOT CHARLOTTE BAG,0.02005640864932623,0.6639004149377593,14.450929222826671
CHARLOTTE BAG PINK POLKADOT,STRAWBERRY CHARLOTTE BAG,0.012973989345032905,0.42946058091286304,14.098855079145535
CHARLOTTE BAG PINK POLKADOT,WOODLAND CHARLOTTE BAG,0.012096521466624882,0.40041493775933606,12.19202353425612
CHARLOTTE BAG SUKI DESIGN,JUMBO BAG PINK POLKADOT,0.007583829520526481,0.2089810017271157,3.859134123328855
CHARLOTTE BAG SUKI DESIGN,JUMBO BAG RED RETROSPOT,0.010905672203071138,0.30051813471502586,3.0481670943281864
CHARLOTTE BAG SUKI DESIGN,JUMBO STORAGE BAG SUKI,0.010216233155750548,0.2815198618307426,5.84850181706966
CHARLOTTE BAG SUKI DESIGN,LUNCH BAG  BLACK SKULL.,0.00952679410842996,0.2625215889464594,4.031310829298133
CHARLOTTE BAG SUKI DESIGN,LUNCH BAG APPLE DESIGN,0.008461297398934503,0.233160621761658,4.366288403999124
CHARLOTTE BAG SUKI DESIGN,LUNCH BAG CARS BLUE,0.008837355061109371,0.24352331606217617,4.098538510308039
CHARLOTTE BAG SUKI DESIGN,LUNCH BAG PINK POLKADOT,0.008586649952992792,0.23661485319516407,4.130404795108142
CHARLOTTE BAG SUKI DESIGN,LUNCH BAG RED RETROSPOT,0.011908492635537449,0.32815198618307423,4.135596318760624
CHARLOTTE BAG SUKI DESIGN,LUNCH BAG SPACEBOY DESIGN,0.008649326230021936,0.23834196891191706,3.888288460112103
CHARLOTTE BAG SUKI DESIGN,LUNCH BAG SUKI DESIGN,0.010592290817925416,0.2918825561312608,5.220836528110164
CHARLOTTE BAG SUKI DESIGN,LUNCH BAG WOODLAND,0.00814791601378878,0.2245250431778929,4.4445373001281405
CHARLOTTE BAG SUKI DESIGN,RED RETROSPOT CHARLOTTE BAG,0.01855217800062676,0.5112262521588946,11.127714670116186
CHARLOTTE BAG SUKI DESIGN,STRAWBERRY CHARLOTTE BAG,0.014478219993732373,0.39896373056994816,13.09766732766157
CHARLOTTE BAG SUKI DESIGN,WOODLAND CHARLOTTE BAG,0.014979630209965528,0.4127806563039723,12.568540784980682
CHILDRENS APRON SPACEBOY DESIGN,LUNCH BAG SPACEBOY DESIGN,0.007019743027264181,0.25688073394495414,4.190728128928163
CHILDRENS APRON SPACEBOY DESIGN,PINK FAIRY CAKE CHILDRENS APRON,0.011093701034158571,0.4059633027522936,16.780167086561775
CHILDRENS APRON SPACEBOY DESIGN,SPACEBOY LUNCH BOX,0.006142275148856158,0.22477064220183487,5.212522669084703
GREY HEART HOT WATER BOTTLE,CHOCOLATE HOT WATER BOTTLE,0.007834534628643058,0.250501002004008,5.894901898191663
HAND WARMER SCOTTY DOG DESIGN,CHOCOLATE HOT WATER BOTTLE,0.005954246317768724,0.202991452991453,4.776885888611552
CHOCOLATE HOT WATER BOTTLE,HOT WATER BOTTLE I AM SO POORLY,0.017424005014102163,0.41002949852507375,13.35106254891337
CHOCOLATE HOT WATER BOTTLE,HOT WATER BOTTLE KEEP CALM,0.015230335318082105,0.3584070796460177,8.076814909254537
CHOCOLATE HOT WATER BOTTLE,HOT WATER BOTTLE TEA AND SYMPATHY,0.016045126919460983,0.3775811209439528,11.952989652104694
LOVE HOT WATER BOTTLE,CHOCOLATE HOT WATER BOTTLE,0.007521153243497336,0.273972602739726,6.447246130844142
CHOCOLATE HOT WATER BOTTLE,RETROSPOT HEART HOT WATER BOTTLE,0.010905672203071138,0.25663716814159293,7.874319264805991
CHOCOLATE HOT WATER BOTTLE,SCOTTIE DOG HOT WATER BOTTLE,0.014666248824819806,0.34513274336283184,8.550610124773263
WHITE SKULL HOT WATER BOTTLE,CHOCOLATE HOT WATER BOTTLE,0.006330303979943591,0.271505376344086,6.389186253052938
CHOCOLATE THIS WAY METAL SIGN,COOK WITH WINE METAL SIGN,0.008022563459730491,0.34688346883468835,9.55876639940838
CHOCOLATE THIS WAY METAL SIGN,GIN + TONIC DIET METAL SIGN,0.009464117831400816,0.4092140921409214,10.138215590230436
CHOCOLATE THIS WAY METAL SIGN,HAND OVER THE CHOCOLATE   SIGN,0.010404261986837983,0.44986449864498645,12.186057853787366
CHOCOLATE THIS WAY METAL SIGN,HOT BATHS METAL SIGN,0.005014102162331557,0.2168021680216802,9.078946432508944
CHOCOLATE THIS WAY METAL SIGN,NO SINGING METAL SIGN,0.005076778439360702,0.21951219512195122,9.216623876765084
CHOCOLATE THIS WAY METAL SIGN,PLEASE ONE PERSON METAL SIGN,0.007082419304293325,0.3062330623306233,7.206413730803975
CHOCOLATE THIS WAY METAL SIGN,POTTERING IN THE SHED METAL SIGN,0.005014102162331557,0.2168021680216802,9.425282263721819
CHRISTMAS CRAFT LITTLE FRIENDS,PAPER CHAIN KIT 50'S CHRISTMAS,0.008962707615167658,0.344578313253012,5.708979219056912
CHRISTMAS CRAFT LITTLE FRIENDS,PAPER CHAIN KIT VINTAGE CHRISTMAS,0.006455656534001881,0.24819277108433738,5.75569137013169
CLOTHES PEGS RETROSPOT PACK 24,PACK OF 72 RETROSPOT CAKE CASES,0.008022563459730491,0.2064516129032258,3.320499479708637
CLOTHES PEGS RETROSPOT PACK 24,SET/5 RED RETROSPOT LID GLASS BOWLS,0.007959887182701348,0.20483870967741935,4.404584383966612
COLOUR GLASS T-LIGHT HOLDER HANGING,VICTORIAN GLASS HANGING T-LIGHT,0.007395800689439048,0.22692307692307695,4.50878915604943
COOK WITH WINE METAL SIGN,GIN + TONIC DIET METAL SIGN,0.01679724224381072,0.46286701208981,11.467458350765401
COOK WITH WINE METAL SIGN,HAND OVER THE CHOCOLATE   SIGN,0.016358508304606705,0.4507772020725388,12.210781424562574
COOK WITH WINE METAL SIGN,HOT BATHS METAL SIGN,0.009025383892196804,0.24870466321243523,10.414915752111296
COOK WITH WINE METAL SIGN,NO SINGING METAL SIGN,0.00827326856784707,0.22797927461139894,9.572129806381238
COOK WITH WINE METAL SIGN,PLEASE ONE PERSON METAL SIGN,0.015919774365402695,0.4386873920552677,10.323388407436278
COOK WITH WINE METAL SIGN,POTTERING IN THE SHED METAL SIGN,0.007583829520526481,0.2089810017271157,9.085263985166568
CREAM HEART CARD HOLDER,WHITE HANGING HEART T-LIGHT HOLDER,0.010278909432779693,0.36853932584269666,3.0641193037103833
DOLLY GIRL LUNCH BOX,LUNCH BAG DOLLY GIRL DESIGN,0.008649326230021936,0.23115577889447236,6.282947959559296
DOLLY GIRL LUNCH BOX,LUNCH BAG SPACEBOY DESIGN,0.00927608900031338,0.24790619765494137,4.044318388123302
DOLLY GIRL LUNCH BOX,LUNCH BOX I LOVE LONDON,0.009714822939517392,0.2596314907872697,8.268304262496782
DOLLY GIRL LUNCH BOX,ROUND SNACK BOXES SET OF4 WOODLAND,0.008022563459730491,0.21440536013400335,5.837606691020517
DOLLY GIRL LUNCH BOX,SPACEBOY LUNCH BOX,0.025759949858978375,0.6884422110552764,15.965255054341474
DOORMAT HEARTS,DOORMAT NEW ENGLAND,0.007583829520526481,0.26021505376344084,8.124718557330134
DOORMAT HEARTS,DOORMAT RED RETROSPOT,0.008461297398934503,0.2903225806451613,8.256856994997413
DOORMAT SPOTTY HOME SWEET HOME,DOORMAT HEARTS,0.005578188655593857,0.22938144329896906,7.870496619000111
DOORMAT UNION FLAG,DOORMAT KEEP CALM AND COME IN,0.007395800689439048,0.22912621359223304,5.703133756418218
DOORMAT KEEP CALM AND COME IN,GARDENERS KNEELING PAD KEEP CALM,0.00827326856784707,0.2059282371294852,4.3866288696941735
DOORMAT NEW ENGLAND,DOORMAT RED RETROSPOT,0.007834534628643058,0.2446183953033268,6.957016928813866
DOORMAT NEW ENGLAND,DOORMAT SPOTTY HOME SWEET HOME,0.007959887182701348,0.24853228962818003,10.219929590251578
DOORMAT SPOTTY HOME SWEET HOME,DOORMAT RED RETROSPOT,0.006392980256972736,0.26288659793814434,7.476569821930647
DOORMAT RED RETROSPOT,DOORMAT UNION FLAG,0.008461297398934503,0.24064171122994651,7.455220393541353
DOORMAT SPOTTY HOME SWEET HOME,DOORMAT UNION FLAG,0.005014102162331557,0.20618556701030927,6.387748974076668
FAWN BLUE HOT WATER BOTTLE,SCOTTIE DOG HOT WATER BOTTLE,0.006894390473205891,0.29569892473118276,7.325894944232951
FAWN BLUE HOT WATER BOTTLE,WHITE SKULL HOT WATER BOTTLE,0.005202130993418991,0.22311827956989247,9.569495028326973
FELTCRAFT 6 FLOWER FRIENDS,FELTCRAFT BUTTERFLY HEARTS,0.009213412723284237,0.32450331125827814,12.096846568051
FELTCRAFT PRINCESS CHARLOTTE DOLL,FELTCRAFT 6 FLOWER FRIENDS,0.004888749608273269,0.20103092783505155,7.0804601624906125
FELTCRAFT 6 FLOWER FRIENDS,PINK CREAM FELT CRAFT TRINKET BOX,0.006330303979943591,0.2229580573951435,6.750086917911792
FELTCRAFT BUTTERFLY HEARTS,FELTCRAFT CUSHION OWL,0.005766217486681291,0.21495327102803738,8.405831958951804
FELTCRAFT BUTTERFLY HEARTS,FELTCRAFT PRINCESS CHARLOTTE DOLL,0.005390159824506424,0.20093457943925233,8.262657770498121
FELTCRAFT PRINCESS LOLA DOLL,FELTCRAFT BUTTERFLY HEARTS,0.004951425885302413,0.21525885558583105,8.024427665588632
FELTCRAFT BUTTERFLY HEARTS,PINK BLUE FELT CRAFT TRINKET BOX,0.007207771858351614,0.26869158878504673,9.48445641386155
FELTCRAFT BUTTERFLY HEARTS,PINK CREAM FELT CRAFT TRINKET BOX,0.007082419304293325,0.26401869158878505,7.993203461668056
FELTCRAFT CUSHION OWL,FELTCRAFT PRINCESS CHARLOTTE DOLL,0.005703541209652147,0.2230392156862745,9.171625480088942
FELTCRAFT CUSHION OWL,FELTCRAFT PRINCESS LOLA DOLL,0.005202130993418991,0.2034313725490196,8.843998771170593
FELTCRAFT CUSHION OWL,PINK BLUE FELT CRAFT TRINKET BOX,0.006079598871827014,0.23774509803921567,8.392086369946208
FELTCRAFT CUSHION OWL,PINK CREAM FELT CRAFT TRINKET BOX,0.006392980256972736,0.25,7.568785578747629
FELTCRAFT PRINCESS CHARLOTTE DOLL,FELTCRAFT PRINCESS LOLA DOLL,0.014352867439674084,0.5902061855670103,25.65869125537234
FELTCRAFT PRINCESS CHARLOTTE DOLL,PINK BLUE FELT CRAFT TRINKET BOX,0.006079598871827014,0.25,8.82466814159292
FELTCRAFT PRINCESS CHARLOTTE DOLL,PINK CREAM FELT CRAFT TRINKET BOX,0.007082419304293325,0.2912371134020619,8.817245055654455
FELTCRAFT PRINCESS LOLA DOLL,PINK BLUE FELT CRAFT TRINKET BOX,0.00589157004073958,0.25613079019073565,9.041076897108821
FELTCRAFT PRINCESS LOLA DOLL,PINK CREAM FELT CRAFT TRINKET BOX,0.006330303979943591,0.2752043596730245,8.331851154806653
GARDENERS KNEELING PAD CUP OF TEA,GARDENERS KNEELING PAD KEEP CALM,0.0288937637104356,0.7305863708399365,15.562757739320675
GIN + TONIC DIET METAL SIGN,HAND OVER THE CHOCOLATE   SIGN,0.015543716703227827,0.3850931677018633,10.431513566525005
HOT BATHS METAL SIGN,GIN + TONIC DIET METAL SIGN,0.007771858351613914,0.32545931758530183,8.063204056014737
GIN + TONIC DIET METAL SIGN,NO SINGING METAL SIGN,0.009777499216546538,0.2422360248447205,10.170725727361884
GIN + TONIC DIET METAL SIGN,PLEASE ONE PERSON METAL SIGN,0.014666248824819806,0.3633540372670807,8.550610124773264
POTTERING IN THE SHED METAL SIGN,GIN + TONIC DIET METAL SIGN,0.007646505797555625,0.332425068119891,8.2357794438709
GINGERBREAD MAN COOKIE CUTTER,PACK OF 72 RETROSPOT CAKE CASES,0.007333124412409903,0.21787709497206706,3.5042631555235184
GINGERBREAD MAN COOKIE CUTTER,RECIPE BOX PANTRY YELLOW DESIGN,0.006831714196176747,0.20297951582867785,4.0431188202828405
SET OF 20 KIDS COOKIE CUTTERS,GINGERBREAD MAN COOKIE CUTTER,0.006392980256972736,0.2518518518518519,7.482860886957723
GINGERBREAD MAN COOKIE CUTTER,SET OF 3 BUTTERFLY COOKIE CUTTERS,0.008837355061109371,0.2625698324022347,8.637735414386917
GINGERBREAD MAN COOKIE CUTTER,SET OF 3 CAKE TINS PANTRY DESIGN,0.007145095581322469,0.2122905027932961,3.045948715887625
GINGERBREAD MAN COOKIE CUTTER,SET OF 3 HEART COOKIE CUTTERS,0.009464117831400816,0.2811918063314712,8.796892686311025
GINGERBREAD MAN COOKIE CUTTER,SET OF 4 PANTRY JELLY MOULDS,0.007458476966468191,0.22160148975791435,4.17925741026894
GREEN REGENCY TEACUP AND SAUCER,PINK REGENCY TEACUP AND SAUCER,0.027076151676590412,0.6615620214395099,20.066962076173727
GREEN REGENCY TEACUP AND SAUCER,REGENCY CAKESTAND 3 TIER,0.021811344406142276,0.5329249617151608,5.226071151914806
GREEN REGENCY TEACUP AND SAUCER,ROSES REGENCY TEACUP AND SAUCER,0.0317141961767471,0.7748851454823891,16.84372274682768
GREY HEART HOT WATER BOTTLE,HOT WATER BOTTLE KEEP CALM,0.006581009088060169,0.2104208416833667,4.741899052341971
LOVE HOT WATER BOTTLE,GREY HEART HOT WATER BOTTLE,0.006016922594797869,0.2191780821917808,7.007988579899524
GREY HEART HOT WATER BOTTLE,RETROSPOT HEART HOT WATER BOTTLE,0.00827326856784707,0.26452905811623245,8.116463696624017
GREY HEART HOT WATER BOTTLE,SCOTTIE DOG HOT WATER BOTTLE,0.009589470385459103,0.3066132264529058,7.596295074621291
WHITE SKULL HOT WATER BOTTLE,GREY HEART HOT WATER BOTTLE,0.004700720777185835,0.20161290322580644,6.446360462861205
HAND OVER THE CHOCOLATE   SIGN,HOT BATHS METAL SIGN,0.008837355061109371,0.23938879456706283,10.024798470649573
HAND OVER THE CHOCOLATE   SIGN,NO SINGING METAL SIGN,0.008586649952992792,0.232597623089983,9.766039674738629
HAND OVER THE CHOCOLATE   SIGN,PLEASE ONE PERSON METAL SIGN,0.014666248824819806,0.39728353140916806,9.349054194149375
HAND OVER THE CHOCOLATE   SIGN,POTTERING IN THE SHED METAL SIGN,0.008022563459730491,0.21731748726655345,9.447685311547303
HAND WARMER BIRD DESIGN,HAND WARMER OWL DESIGN,0.016734565966781575,0.5644820295983087,15.856180954649675
HAND WARMER BIRD DESIGN,HAND WARMER RED LOVE HEART,0.009777499216546538,0.3298097251585624,14.299223274197997
HAND WARMER BIRD DESIGN,HAND WARMER SCOTTY DOG DESIGN,0.015042306486994672,0.507399577167019,17.298205670298692
HAND WARMER BIRD DESIGN,HAND WARMER UNION JACK,0.010216233155750548,0.3446088794926004,12.467652318150657
HAND WARMER BIRD DESIGN,HOT WATER BOTTLE KEEP CALM,0.006204951425885302,0.20930232558139533,4.716692944422546
HAND WARMER BIRD DESIGN,PAPER CHAIN KIT 50'S CHRISTMAS,0.007145095581322469,0.24101479915433402,3.9931371967885765
HAND WARMER BIRD DESIGN,SCOTTIE DOG HOT WATER BOTTLE,0.006392980256972736,0.2156448202959831,5.342566937612438
HAND WARMER OWL DESIGN,HAND WARMER RED LOVE HEART,0.012597931682858039,0.35387323943661975,15.342520476117576
HAND WARMER OWL DESIGN,HAND WARMER SCOTTY DOG DESIGN,0.01754935756816045,0.4929577464788732,16.80585650656073
HAND WARMER OWL DESIGN,HAND WARMER UNION JACK,0.013099341899091194,0.36795774647887325,13.312394206508896
HAND WARMER OWL DESIGN,HOT WATER BOTTLE KEEP CALM,0.008712002507051082,0.24471830985915494,5.514803155088725
HOT WATER BOTTLE TEA AND SYMPATHY,HAND WARMER OWL DESIGN,0.006330303979943591,0.20039682539682538,5.629104488039347
HAND WARMER OWL DESIGN,PAPER CHAIN KIT 50'S CHRISTMAS,0.008586649952992792,0.24119718309859156,3.9961589370072983
HAND WARMER OWL DESIGN,SCOTTIE DOG HOT WATER BOTTLE,0.007521153243497336,0.2112676056338028,5.234122124048639
HAND WARMER RED LOVE HEART,HAND WARMER SCOTTY DOG DESIGN,0.01121905358821686,0.48641304347826086,16.58273527499071
HAND WARMER RED LOVE HEART,HAND WARMER UNION JACK,0.011281729865246004,0.48913043478260865,17.69631765749778
HAND WARMER RED LOVE HEART,HOT WATER BOTTLE KEEP CALM,0.007646505797555625,0.33152173913043476,7.47094540653402
HAND WARMER RED LOVE HEART,LOVE HOT WATER BOTTLE,0.005014102162331557,0.21739130434782608,7.91890013897161
HAND WARMER RED LOVE HEART,PAPER CHAIN KIT 50'S CHRISTMAS,0.006142275148856158,0.266304347826087,4.412134859361597
HAND WARMER RED LOVE HEART,SCOTTIE DOG HOT WATER BOTTLE,0.005139454716389847,0.22282608695652173,5.520481704023764
HAND WARMER SCOTTY DOG DESIGN,HAND WARMER UNION JACK,0.011908492635537449,0.405982905982906,14.688111711921236
HAND WARMER SCOTTY DOG DESIGN,HOT WATER BOTTLE KEEP CALM,0.006831714196176747,0.23290598290598288,5.2486086967019165
HAND WARMER SCOTTY DOG DESIGN,PAPER CHAIN KIT 50'S CHRISTMAS,0.007082419304293325,0.24145299145299146,4.0003971740731865
HAND WARMER SCOTTY DOG DESIGN,SCOTTIE DOG HOT WATER BOTTLE,0.008962707615167658,0.3055555555555555,7.57009144237405
HAND WARMER UNION JACK,HOT WATER BOTTLE KEEP CALM,0.00770918207458477,0.27891156462585037,6.285358776278874
HANGING HEART ZINC T-LIGHT HOLDER,HANGING HEART JAR T-LIGHT HOLDER,0.005766217486681291,0.23,6.611981981981982
HANGING HEART ZINC T-LIGHT HOLDER,NATURAL SLATE HEART CHALKBOARD,0.005390159824506424,0.215,3.6070715036803365
HANGING HEART ZINC T-LIGHT HOLDER,VICTORIAN GLASS HANGING T-LIGHT,0.005014102162331557,0.2,3.973848069738481
HEART OF WICKER LARGE,HEART OF WICKER SMALL,0.025070510811657787,0.5037783375314862,8.523630302560829
HEART OF WICKER LARGE,LARGE WHITE HEART OF WICKER,0.012033845189595738,0.24181360201511334,7.655031786014153
RED HANGING HEART T-LIGHT HOLDER,HEART OF WICKER LARGE,0.00927608900031338,0.22458270106221545,4.512867752452956
SMALL WHITE HEART OF WICKER,HEART OF WICKER LARGE,0.008523973675963649,0.23570190641247837,4.7363021622305945
HEART OF WICKER LARGE,WHITE HANGING HEART T-LIGHT HOLDER,0.017988091507364464,0.3614609571788413,3.005268145799069
LARGE WHITE HEART OF WICKER,HEART OF WICKER SMALL,0.007897210905672204,0.25,4.2298515376458115
RED HANGING HEART T-LIGHT HOLDER,HEART OF WICKER SMALL,0.008461297398934503,0.20485584218512895,3.4660391962499815
HEART OF WICKER SMALL,SMALL WHITE HEART OF WICKER,0.012597931682858039,0.21314952279957583,5.893935244830559
ZINC METAL HEART DECORATION,HEART OF WICKER SMALL,0.006392980256972736,0.21794871794871795,3.6875628789732713
HOME BUILDING BLOCK WORD,LOVE BUILDING BLOCK WORD,0.01679724224381072,0.3946980854197349,11.55487697774655
HOMEMADE JAM SCENTED CANDLES,JAM MAKING SET WITH JARS,0.007082419304293325,0.22509960159362552,4.280648561890697
HOMEMADE JAM SCENTED CANDLES,SET OF 3 CAKE TINS PANTRY DESIGN,0.007270448135380758,0.2310756972111554,3.315479090830921
NO SINGING METAL SIGN,HOT BATHS METAL SIGN,0.00476339705421498,0.2,8.375328083989503
HOT BATHS METAL SIGN,PLEASE ONE PERSON METAL SIGN,0.007207771858351614,0.30183727034120733,7.102969982734459
HOT WATER BOTTLE I AM SO POORLY,HOT WATER BOTTLE KEEP CALM,0.011595111250391726,0.37755102040816324,8.508229563011644
HOT WATER BOTTLE I AM SO POORLY,HOT WATER BOTTLE TEA AND SYMPATHY,0.011595111250391726,0.37755102040816324,11.952036767087785
HOT WATER BOTTLE I AM SO POORLY,LOVE HOT WATER BOTTLE,0.006455656534001881,0.21020408163265308,7.657091603764794
HOT WATER BOTTLE I AM SO POORLY,RETROSPOT HEART HOT WATER BOTTLE,0.007458476966468191,0.24285714285714285,7.451510989010989
HOT WATER BOTTLE I AM SO POORLY,SCOTTIE DOG HOT WATER BOTTLE,0.009965528047633971,0.32448979591836735,8.039184307263277
WHITE SKULL HOT WATER BOTTLE,HOT WATER BOTTLE I AM SO POORLY,0.00476339705421498,0.2043010752688172,6.652293175334649
HOT WATER BOTTLE KEEP CALM,HOT WATER BOTTLE TEA AND SYMPATHY,0.014290191162644938,0.3220338983050847,10.194545332257194
HOT WATER BOTTLE KEEP CALM,LOVE HOT WATER BOTTLE,0.013412723284236917,0.3022598870056497,11.01040296158708
RETROSPOT HEART HOT WATER BOTTLE,HOT WATER BOTTLE KEEP CALM,0.007207771858351614,0.22115384615384615,4.983770643198609
HOT WATER BOTTLE KEEP CALM,SCOTTIE DOG HOT WATER BOTTLE,0.01121905358821686,0.2528248587570622,6.263696617187774
WHITE SKULL HOT WATER BOTTLE,HOT WATER BOTTLE KEEP CALM,0.006079598871827014,0.260752688172043,5.876142852803596
HOT WATER BOTTLE TEA AND SYMPATHY,LOVE HOT WATER BOTTLE,0.007646505797555625,0.24206349206349204,8.817632456331085
HOT WATER BOTTLE TEA AND SYMPATHY,RETROSPOT HEART HOT WATER BOTTLE,0.006455656534001881,0.20436507936507936,6.270470848595848
HOT WATER BOTTLE TEA AND SYMPATHY,SCOTTIE DOG HOT WATER BOTTLE,0.009150736446255093,0.28968253968253965,7.176839938874099
IVORY DINER WALL CLOCK,IVORY KITCHEN SCALES,0.00476339705421498,0.20105820105820105,5.511827487772505
IVORY DINER WALL CLOCK,RED DINER WALL CLOCK,0.011908492635537449,0.5026455026455026,20.099521289997476
IVORY KITCHEN SCALES,RED KITCHEN SCALES,0.01529301159511125,0.41924398625429554,15.738912472205378
IVORY KITCHEN SCALES,SET OF 3 CAKE TINS PANTRY DESIGN,0.008962707615167658,0.24570446735395188,3.525373000568617
JAM MAKING SET PRINTED,JAM MAKING SET WITH JARS,0.01823879661548104,0.3510253317249698,6.675338698059467
JAM MAKING SET PRINTED,SET OF 3 CAKE TINS PANTRY DESIGN,0.012096521466624882,0.23281061519903495,3.34037173156529
PACK OF 20 NAPKINS PANTRY DESIGN,JAM MAKING SET WITH JARS,0.006455656534001881,0.20077972709551659,3.818165132072666
JAM MAKING SET WITH JARS,RECIPE BOX PANTRY YELLOW DESIGN,0.011031024757129427,0.2097735399284863,4.178447976977527
JAM MAKING SET WITH JARS,SET OF 3 CAKE TINS PANTRY DESIGN,0.01460357254779066,0.2777115613825983,3.9846114764922262
JAM MAKING SET WITH JARS,SET OF 4 PANTRY JELLY MOULDS,0.011156377311187715,0.21215733015494634,4.001146811610129
SET OF 6 SPICE TINS PANTRY DESIGN,JAM MAKING SET WITH JARS,0.009714822939517392,0.24294670846394983,4.620041398739356
JUMBO  BAG BAROQUE BLACK WHITE,JUMBO BAG ALPHABET,0.008461297398934503,0.21060842433697347,4.590515587836628
JUMBO  BAG BAROQUE BLACK WHITE,JUMBO BAG APPLES,0.009652146662488249,0.24024960998439937,5.437138336597294
JUMBO BAG OWLS,JUMBO  BAG BAROQUE BLACK WHITE,0.006518332811031024,0.25806451612903225,6.4234311307936185
JUMBO BAG PEARS,JUMBO  BAG BAROQUE BLACK WHITE,0.006267627702914447,0.21645021645021645,5.387618102126682
JUMBO  BAG BAROQUE BLACK WHITE,JUMBO BAG PINK POLKADOT,0.015543716703227827,0.3868954758190327,7.14458022765355
JUMBO  BAG BAROQUE BLACK WHITE,JUMBO BAG PINK VINTAGE PAISLEY,0.010717643371983705,0.2667706708268331,7.189739954463044
JUMBO  BAG BAROQUE BLACK WHITE,JUMBO BAG RED RETROSPOT,0.022375430899404577,0.5569422776911077,5.6490871205096145
JUMBO BAG SCANDINAVIAN BLUE PAISLEY,JUMBO  BAG BAROQUE BLACK WHITE,0.007897210905672204,0.2831460674157304,7.047730897999966
JUMBO BAG SPACEBOY DESIGN,JUMBO  BAG BAROQUE BLACK WHITE,0.008022563459730491,0.27118644067796605,6.75004627303736
JUMBO  BAG BAROQUE BLACK WHITE,JUMBO BAG STRAWBERRY,0.012660607959887183,0.31513260530421217,7.7952569265561324
JUMBO  BAG BAROQUE BLACK WHITE,JUMBO BAG VINTAGE LEAF,0.009589470385459103,0.23868954758190325,5.070961027522325
JUMBO BAG WOODLAND ANIMALS,JUMBO  BAG BAROQUE BLACK WHITE,0.007646505797555625,0.2515463917525773,6.26118982903646
JUMBO  BAG BAROQUE BLACK WHITE,JUMBO SHOPPER VINTAGE RED PAISLEY,0.014791601378878095,0.36817472698907955,7.511800216254175
JUMBO  BAG BAROQUE BLACK WHITE,JUMBO STORAGE BAG SKULLS,0.009589470385459103,0.23868954758190325,8.120025014220184
JUMBO  BAG BAROQUE BLACK WHITE,JUMBO STORAGE BAG SUKI,0.015042306486994672,0.3744149765990639,7.778373634945397
JUMBO  BAG BAROQUE BLACK WHITE,LUNCH BAG  BLACK SKULL.,0.008774678784080225,0.21840873634945396,3.3539089398032127
JUMBO  BAG BAROQUE BLACK WHITE,LUNCH BAG RED RETROSPOT,0.009714822939517392,0.24180967238689546,3.0474512819375335
JUMBO BAG 50'S CHRISTMAS,JUMBO BAG VINTAGE CHRISTMAS,0.015167659041052961,0.4179620034542314,17.54890464503227
JUMBO BAG 50'S CHRISTMAS,JUMBO BAG VINTAGE DOILY,0.009714822939517392,0.26770293609671847,7.036573880433515
JUMBO BAG 50'S CHRISTMAS,PAPER CHAIN KIT 50'S CHRISTMAS,0.01134440614227515,0.3126079447322971,5.179293622226168
JUMBO BAG ALPHABET,JUMBO BAG APPLES,0.016859918520839862,0.3674863387978142,8.316658915629967
JUMBO BAG DOILEY PATTERNS,JUMBO BAG ALPHABET,0.008900031338138515,0.3155555555555556,6.877990285367336
JUMBO BAG OWLS,JUMBO BAG ALPHABET,0.006079598871827014,0.24069478908188585,5.246291475138646
JUMBO BAG ALPHABET,JUMBO BAG PEARS,0.010216233155750548,0.2226775956284153,7.690088827383909
JUMBO BAG ALPHABET,JUMBO BAG PINK POLKADOT,0.012284550297712317,0.2677595628415301,4.9445646124266345
JUMBO BAG PINK VINTAGE PAISLEY,JUMBO BAG ALPHABET,0.008774678784080225,0.23648648648648649,5.1545654260818194
JUMBO BAG ALPHABET,JUMBO BAG RED RETROSPOT,0.01836414916953933,0.4002732240437159,4.059986833831841
JUMBO BAG SCANDINAVIAN BLUE PAISLEY,JUMBO BAG ALPHABET,0.007646505797555625,0.27415730337078653,5.975655430711611
JUMBO BAG SPACEBOY DESIGN,JUMBO BAG ALPHABET,0.00814791601378878,0.2754237288135593,6.003259007131611
JUMBO BAG ALPHABET,JUMBO BAG STRAWBERRY,0.009213412723284237,0.20081967213114754,4.967562587368153
JUMBO BAG VINTAGE CHRISTMAS,JUMBO BAG ALPHABET,0.005202130993418991,0.21842105263157896,4.760803134886397
JUMBO BAG VINTAGE DOILY,JUMBO BAG ALPHABET,0.009025383892196804,0.23723228995057663,5.170821292570287
JUMBO BAG ALPHABET,JUMBO BAG VINTAGE LEAF,0.015606392980256973,0.34016393442622955,7.226785051625156
JUMBO BAG WOODLAND ANIMALS,JUMBO BAG ALPHABET,0.006330303979943591,0.20824742268041238,4.539054137795055
JUMBO BAG ALPHABET,JUMBO SHOPPER VINTAGE RED PAISLEY,0.01052961454089627,0.22950819672131148,4.682612888348498
JUMBO STORAGE BAG SKULLS,JUMBO BAG ALPHABET,0.006831714196176747,0.232409381663113,5.065699022452143
JUMBO BAG ALPHABET,JUMBO STORAGE BAG SUKI,0.011845816358508305,0.2581967213114754,5.363969646516393
JUMBO BAG ALPHABET,LUNCH BAG ALPHABET DESIGN,0.01416483860858665,0.3087431693989071,7.806651771409767
JUMBO BAG ALPHABET,LUNCH BAG APPLE DESIGN,0.010717643371983705,0.23360655737704922,4.374639228815517
LUNCH BAG DOILEY PATTERN,JUMBO BAG ALPHABET,0.006267627702914447,0.21834061135371177,4.759049800749278
LUNCH BAG VINTAGE LEAF DESIGN,JUMBO BAG ALPHABET,0.007646505797555625,0.20748299319727892,4.522392290249433
JUMBO BAG APPLES,JUMBO BAG DOILEY PATTERNS,0.008962707615167658,0.2028368794326241,7.191694247438928
JUMBO BAG OWLS,JUMBO BAG APPLES,0.006204951425885302,0.2456575682382134,5.55952695211446
JUMBO BAG APPLES,JUMBO BAG PEARS,0.019304293324976497,0.4368794326241135,15.087470449172576
JUMBO BAG APPLES,JUMBO BAG PINK POLKADOT,0.013851457223440928,0.31347517730496455,5.788769043866561
JUMBO BAG PINK VINTAGE PAISLEY,JUMBO BAG APPLES,0.007583829520526481,0.2043918918918919,4.625634943454093
JUMBO BAG APPLES,JUMBO BAG RED RETROSPOT,0.021685991852083985,0.4907801418439716,4.978002010884022
JUMBO BAG SCANDINAVIAN BLUE PAISLEY,JUMBO BAG APPLES,0.007521153243497336,0.2696629213483146,6.102797035620368
JUMBO BAG SPACEBOY DESIGN,JUMBO BAG APPLES,0.008523973675963649,0.288135593220339,6.520855872100013
JUMBO BAG APPLES,JUMBO BAG STRAWBERRY,0.00952679410842996,0.21560283687943263,5.333245368079609
JUMBO BAG APPLES,JUMBO BAG VINTAGE DOILY,0.010780319649012849,0.24397163120567378,6.412796335892134
JUMBO BAG APPLES,JUMBO BAG VINTAGE LEAF,0.017298652460043872,0.39148936170212767,8.317194095815509
JUMBO BAG WOODLAND ANIMALS,JUMBO BAG APPLES,0.00814791601378878,0.26804123711340205,6.06609636616217
JUMBO BAG APPLES,JUMBO SHOPPER VINTAGE RED PAISLEY,0.010466938263867126,0.23687943262411348,4.833006838257968
JUMBO STORAGE BAG SKULLS,JUMBO BAG APPLES,0.007583829520526481,0.2579957356076759,5.838754555490027
JUMBO BAG APPLES,JUMBO STORAGE BAG SUKI,0.012033845189595738,0.2723404255319149,5.657801418439717
JUMBO BAG APPLES,LUNCH BAG  BLACK SKULL.,0.010404261986837983,0.23546099290780145,3.615765295326249
LUNCH BAG ALPHABET DESIGN,JUMBO BAG APPLES,0.00839862112190536,0.21236133122028528,4.805992963999506
JUMBO BAG APPLES,LUNCH BAG APPLE DESIGN,0.018301472892510186,0.4141843971631206,7.756234808377453
JUMBO BAG APPLES,LUNCH BAG CARS BLUE,0.010278909432779693,0.2326241134751773,3.915103091240985
LUNCH BAG DOILEY PATTERN,JUMBO BAG APPLES,0.006769037919147603,0.23580786026200873,5.33661618507851
JUMBO BAG APPLES,LUNCH BAG PINK POLKADOT,0.009714822939517392,0.2198581560283688,3.837895929357357
JUMBO BAG APPLES,LUNCH BAG RED RETROSPOT,0.012284550297712317,0.27801418439716313,3.5037253649737266
JUMBO BAG APPLES,LUNCH BAG SPACEBOY DESIGN,0.009150736446255093,0.2070921985815603,3.3784826465938598
JUMBO BAG APPLES,LUNCH BAG SUKI DESIGN,0.01065496709495456,0.24113475177304963,4.3131221575549406
JUMBO BAG APPLES,LUNCH BAG VINTAGE LEAF DESIGN,0.010968348480100282,0.24822695035460993,6.7354778790949
JUMBO BAG DOILEY PATTERNS,JUMBO BAG PEARS,0.008022563459730491,0.28444444444444444,9.823184223184223
JUMBO BAG DOILEY PATTERNS,JUMBO BAG PINK POLKADOT,0.006455656534001881,0.22888888888888892,4.226761831275721
JUMBO BAG DOILEY PATTERNS,JUMBO BAG RED RETROSPOT,0.010780319649012849,0.38222222222222224,3.8768948223493678
JUMBO BAG DOILEY PATTERNS,JUMBO BAG VINTAGE LEAF,0.012221874020683171,0.43333333333333335,9.206169551708832
JUMBO BAG DOILEY PATTERNS,JUMBO SHOPPER VINTAGE RED PAISLEY,0.00589157004073958,0.20888888888888887,4.261921000284172
JUMBO BAG DOILEY PATTERNS,LUNCH BAG ALPHABET DESIGN,0.005828893763710436,0.2066666666666667,5.225620707871104
JUMBO BAG DOILEY PATTERNS,LUNCH BAG APPLE DESIGN,0.007145095581322469,0.25333333333333335,4.744053208137716
JUMBO BAG DOILEY PATTERNS,LUNCH BAG DOILEY PATTERN,0.013287370730178627,0.47111111111111115,16.411741872877244
JUMBO BAG DOILEY PATTERNS,LUNCH BAG VINTAGE LEAF DESIGN,0.005640864932623002,0.2,5.42687074829932
JUMBO BAG DOILEY PATTERNS,SPOTTY BUNTING,0.006769037919147603,0.24000000000000002,3.9073469387755106
JUMBO BAG OWLS,JUMBO BAG PEARS,0.005076778439360702,0.20099255583126552,6.94120395733299
JUMBO BAG OWLS,JUMBO BAG PINK POLKADOT,0.00940144155437167,0.3722084367245657,6.873362972153294
JUMBO BAG OWLS,JUMBO BAG PINK VINTAGE PAISLEY,0.005264807270448135,0.2084367245657568,5.617580980484206
JUMBO BAG OWLS,JUMBO BAG RED RETROSPOT,0.012535255405828893,0.4962779156327543,5.033766143624027
JUMBO BAG OWLS,JUMBO BAG SPACEBOY DESIGN,0.006455656534001881,0.2555831265508685,8.639467762964209
JUMBO BAG OWLS,JUMBO BAG STRAWBERRY,0.007458476966468191,0.2952853598014888,7.3043068459422535
JUMBO BAG OWLS,JUMBO BAG VINTAGE LEAF,0.005578188655593857,0.22084367245657566,4.691825291670659
JUMBO BAG OWLS,JUMBO BAG WOODLAND ANIMALS,0.008022563459730491,0.3176178660049627,10.448645468266351
JUMBO BAG OWLS,JUMBO SHOPPER VINTAGE RED PAISLEY,0.006894390473205891,0.27295285359801486,5.5690061114531035
JUMBO BAG OWLS,JUMBO STORAGE BAG SKULLS,0.006079598871827014,0.24069478908188585,8.188241705333665
JUMBO BAG OWLS,JUMBO STORAGE BAG SUKI,0.009965528047633971,0.3945409429280397,8.196485344292803
JUMBO BAG OWLS,LUNCH BAG  BLACK SKULL.,0.00532748354747728,0.2109181141439206,3.238882108918434
JUMBO BAG OWLS,LUNCH BAG CARS BLUE,0.005578188655593857,0.22084367245657566,3.716836280637832
JUMBO BAG OWLS,LUNCH BAG PINK POLKADOT,0.005264807270448135,0.2084367245657568,3.638520722589332
JUMBO BAG OWLS,LUNCH BAG RED RETROSPOT,0.006894390473205891,0.27295285359801486,3.439939004072928
JUMBO BAG OWLS,LUNCH BAG SUKI DESIGN,0.005202130993418991,0.20595533498759305,3.6838759750303223
JUMBO BAG PEARS,JUMBO BAG PINK POLKADOT,0.009025383892196804,0.3116883116883117,5.755772005772005
JUMBO BAG PEARS,JUMBO BAG RED RETROSPOT,0.012660607959887183,0.4372294372294372,4.434835137314476
JUMBO BAG PEARS,JUMBO BAG SPACEBOY DESIGN,0.00589157004073958,0.20346320346320343,6.877659769608921
JUMBO BAG PEARS,JUMBO BAG STRAWBERRY,0.007082419304293325,0.24458874458874458,6.050253364206853
JUMBO BAG PEARS,JUMBO BAG VINTAGE DOILY,0.008586649952992792,0.29653679653679654,7.794472139612173
JUMBO BAG PEARS,JUMBO BAG VINTAGE LEAF,0.014854277655907239,0.512987012987013,10.898412506268699
JUMBO BAG PEARS,JUMBO BAG WOODLAND ANIMALS,0.005828893763710436,0.2012987012987013,6.622104699424288
JUMBO BAG PEARS,JUMBO SHOPPER VINTAGE RED PAISLEY,0.007458476966468191,0.25757575757575757,5.255270092226614
JUMBO BAG PEARS,JUMBO STORAGE BAG SKULLS,0.006267627702914447,0.21645021645021645,7.363460988194464
JUMBO BAG PEARS,JUMBO STORAGE BAG SUKI,0.006894390473205891,0.23809523809523808,4.946366567460317
JUMBO BAG PEARS,LUNCH BAG  BLACK SKULL.,0.007395800689439048,0.2554112554112554,3.92212375369257
JUMBO BAG PEARS,LUNCH BAG APPLE DESIGN,0.010278909432779693,0.354978354978355,6.647511330609923
JUMBO BAG PEARS,LUNCH BAG CARS BLUE,0.006706361642118458,0.2316017316017316,3.897896231756991
LUNCH BAG DOILEY PATTERN,JUMBO BAG PEARS,0.005766217486681291,0.20087336244541484,6.9370876576116745
JUMBO BAG PEARS,LUNCH BAG PINK POLKADOT,0.006330303979943591,0.2186147186147186,3.8161901920107604
JUMBO BAG PEARS,LUNCH BAG RED RETROSPOT,0.007458476966468191,0.25757575757575757,3.2461462970941644
JUMBO BAG PEARS,LUNCH BAG SUKI DESIGN,0.006706361642118458,0.2316017316017316,4.142607205948013
JUMBO BAG PEARS,LUNCH BAG VINTAGE LEAF DESIGN,0.007019743027264181,0.24242424242424243,6.578025149453721
JUMBO BAG PINK POLKADOT,JUMBO BAG PINK VINTAGE PAISLEY,0.01573174553431526,0.29050925925925924,7.829518972097097
JUMBO BAG PINK POLKADOT,JUMBO BAG RED RETROSPOT,0.03384518959573801,0.625,6.33939923712651
JUMBO BAG PINK POLKADOT,JUMBO BAG SCANDINAVIAN BLUE PAISLEY,0.011720463804450016,0.21643518518518517,7.760052538493549
JUMBO BAG PINK POLKADOT,JUMBO BAG SPACEBOY DESIGN,0.012597931682858039,0.2326388888888889,7.86388447504708
JUMBO BAG PINK POLKADOT,JUMBO BAG STRAWBERRY,0.018301472892510186,0.33796296296296297,8.359998564455928
JUMBO BAG VINTAGE CHRISTMAS,JUMBO BAG PINK POLKADOT,0.00476339705421498,0.2,3.693287037037037
JUMBO BAG VINTAGE DOILY,JUMBO BAG PINK POLKADOT,0.009902851770604825,0.2602965403624382,4.806749191530905
JUMBO BAG PINK POLKADOT,JUMBO BAG VINTAGE LEAF,0.012284550297712317,0.22685185185185186,4.819469102924495
JUMBO BAG PINK POLKADOT,JUMBO BAG WOODLAND ANIMALS,0.01234722657474146,0.22800925925925924,7.50079944635357
JUMBO BAG PINK POLKADOT,JUMBO SHOPPER VINTAGE RED PAISLEY,0.015230335318082105,0.28124999999999994,5.738291240409207
JUMBO BAG PINK POLKADOT,JUMBO STORAGE BAG SKULLS,0.012973989345032905,0.23958333333333331,8.150430881307747
JUMBO BAG PINK POLKADOT,JUMBO STORAGE BAG SUKI,0.01754935756816045,0.32407407407407407,6.732554494598765
JUMBO BAG PINK POLKADOT,LUNCH BAG  BLACK SKULL.,0.01234722657474146,0.22800925925925924,3.501335641464371
JUMBO BAG PINK POLKADOT,LUNCH BAG CARS BLUE,0.01134440614227515,0.20949074074074076,3.5257645237537116
JUMBO BAG PINK POLKADOT,LUNCH BAG PINK POLKADOT,0.015355687872140394,0.28356481481481477,4.949974420536509
JUMBO BAG PINK POLKADOT,LUNCH BAG RED RETROSPOT,0.014916953932936383,0.2754629629629629,3.4715731232812583
RECYCLING BAG RETROSPOT,JUMBO BAG PINK POLKADOT,0.006831714196176747,0.2691358024691358,4.969978852309099
RED RETROSPOT CHARLOTTE BAG,JUMBO BAG PINK POLKADOT,0.010404261986837983,0.22646657571623466,4.182030342074681
STRAWBERRY CHARLOTTE BAG,JUMBO BAG PINK POLKADOT,0.007207771858351614,0.2366255144032922,4.369629724889498
JUMBO BAG PINK VINTAGE PAISLEY,JUMBO BAG RED RETROSPOT,0.020432466311501096,0.5506756756756757,5.585524733252005
JUMBO BAG PINK VINTAGE PAISLEY,JUMBO BAG SCANDINAVIAN BLUE PAISLEY,0.014791601378878095,0.3986486486486487,14.293121773458854
JUMBO BAG PINK VINTAGE PAISLEY,JUMBO BAG SPACEBOY DESIGN,0.007834534628643058,0.21114864864864866,7.13745061268896
JUMBO BAG PINK VINTAGE PAISLEY,JUMBO BAG STRAWBERRY,0.01234722657474146,0.3327702702702703,8.231549863817307
JUMBO BAG PINK VINTAGE PAISLEY,JUMBO BAG VINTAGE LEAF,0.009714822939517392,0.26182432432432434,5.562459513441538
JUMBO BAG PINK VINTAGE PAISLEY,JUMBO BAG WOODLAND ANIMALS,0.008461297398934503,0.22804054054054054,7.501828503761494
JUMBO BAG PINK VINTAGE PAISLEY,JUMBO SHOPPER VINTAGE RED PAISLEY,0.01585709808837355,0.4273648648648649,8.719445548489668
JUMBO BAG PINK VINTAGE PAISLEY,JUMBO STORAGE BAG SKULLS,0.008085239736759637,0.21790540540540543,7.412965337405637
JUMBO BAG PINK VINTAGE PAISLEY,JUMBO STORAGE BAG SUKI,0.012159197743654027,0.32770270270270274,6.807938309403154
JUMBO BAG PINK VINTAGE PAISLEY,LUNCH BAG PINK POLKADOT,0.00770918207458477,0.20777027027027029,3.6268869389082736
JUMBO BAG PINK VINTAGE PAISLEY,LUNCH BAG RED RETROSPOT,0.009714822939517392,0.26182432432432434,3.299689648178985
JUMBO BAG SCANDINAVIAN BLUE PAISLEY,JUMBO BAG RED RETROSPOT,0.016483860858664996,0.5910112359550562,5.994649885354686
JUMBO BAG SPACEBOY DESIGN,JUMBO BAG RED RETROSPOT,0.016483860858664996,0.5572033898305084,5.651735591065329
JUMBO BAG RED RETROSPOT,JUMBO BAG STRAWBERRY,0.0255092447508618,0.25874125874125875,6.400336098010517
JUMBO BAG VINTAGE CHRISTMAS,JUMBO BAG RED RETROSPOT,0.007583829520526481,0.31842105263157894,3.2297570850202426
JUMBO BAG VINTAGE DOILY,JUMBO BAG RED RETROSPOT,0.017862738953306173,0.4695222405271829,4.762382293459124
JUMBO BAG RED RETROSPOT,JUMBO BAG VINTAGE LEAF,0.02130993418990912,0.2161474888747616,4.592054840208816
JUMBO BAG WOODLAND ANIMALS,JUMBO BAG RED RETROSPOT,0.01629583202757756,0.5360824742268041,5.43750532504047
JUMBO BAG RED RETROSPOT,JUMBO SHOPPER VINTAGE RED PAISLEY,0.024569100595424633,0.24920534011443102,5.084490027526531
JUMBO STORAGE BAG SKULLS,JUMBO BAG RED RETROSPOT,0.015481040426198684,0.5266524520255863,5.341856244162892
JUMBO BAG RED RETROSPOT,JUMBO STORAGE BAG SUKI,0.027013475399561265,0.27399872854418306,5.692252231669845
LUNCH BAG PINK POLKADOT,JUMBO BAG RED RETROSPOT,0.01711062362895644,0.2986870897155361,3.029594733891531
JUMBO BAG RED RETROSPOT,LUNCH BAG RED RETROSPOT,0.026261360075211532,0.2663699936427209,3.3569772895494565
RECYCLING BAG RETROSPOT,JUMBO BAG RED RETROSPOT,0.010216233155750548,0.4024691358024691,4.082260051957022
RED RETROSPOT CHARLOTTE BAG,JUMBO BAG RED RETROSPOT,0.01723597618301473,0.37517053206002726,3.8053692555738934
RED RETROSPOT SHOPPER BAG,JUMBO BAG RED RETROSPOT,0.008962707615167658,0.3763157894736842,3.816985645933014
STRAWBERRY CHARLOTTE BAG,JUMBO BAG RED RETROSPOT,0.009840175493575682,0.32304526748971196,3.2766606756505747
JUMBO BAG SCANDINAVIAN BLUE PAISLEY,JUMBO BAG SPACEBOY DESIGN,0.005954246317768724,0.21348314606741572,7.216363549800038
JUMBO BAG SCANDINAVIAN BLUE PAISLEY,JUMBO BAG STRAWBERRY,0.00952679410842996,0.3415730337078652,8.449298841564325
JUMBO BAG SCANDINAVIAN BLUE PAISLEY,JUMBO BAG VINTAGE DOILY,0.006894390473205891,0.24719101123595505,6.497417766506858
JUMBO BAG SCANDINAVIAN BLUE PAISLEY,JUMBO BAG VINTAGE LEAF,0.00827326856784707,0.2966292134831461,6.301889615344335
JUMBO BAG SCANDINAVIAN BLUE PAISLEY,JUMBO SHOPPER VINTAGE RED PAISLEY,0.01234722657474146,0.4426966292134832,9.032256674042358
JUMBO BAG SCANDINAVIAN BLUE PAISLEY,JUMBO STORAGE BAG SKULLS,0.005954246317768724,0.21348314606741572,7.262523657794494
JUMBO BAG SCANDINAVIAN BLUE PAISLEY,JUMBO STORAGE BAG SUKI,0.00940144155437167,0.33707865168539325,7.002721207865168
JUMBO BAG SCANDINAVIAN BLUE PAISLEY,LUNCH BAG APPLE DESIGN,0.005640864932623002,0.20224719101123595,3.787387244817218
JUMBO BAG SCANDINAVIAN BLUE PAISLEY,LUNCH BAG PINK POLKADOT,0.006204951425885302,0.22247191011235953,3.88352223833993
JUMBO BAG SCANDINAVIAN BLUE PAISLEY,LUNCH BAG RED RETROSPOT,0.00827326856784707,0.2966292134831461,3.7383247244262208
JUMBO BAG SCANDINAVIAN BLUE PAISLEY,LUNCH BAG SUKI DESIGN,0.006016922594797869,0.2157303370786517,3.8587192018944934
JUMBO BAG SPACEBOY DESIGN,JUMBO BAG STRAWBERRY,0.009025383892196804,0.3050847457627119,7.546708711076075
JUMBO BAG SPACEBOY DESIGN,JUMBO BAG VINTAGE DOILY,0.006204951425885302,0.20974576271186438,5.513169100605925
JUMBO BAG SPACEBOY DESIGN,JUMBO BAG VINTAGE LEAF,0.00839862112190536,0.2838983050847458,6.031421381660611
JUMBO BAG SPACEBOY DESIGN,JUMBO BAG WOODLAND ANIMALS,0.008962707615167658,0.3029661016949152,9.966647737200768
JUMBO BAG SPACEBOY DESIGN,JUMBO SHOPPER VINTAGE RED PAISLEY,0.008837355061109371,0.29872881355932207,6.094908210152154
JUMBO BAG SPACEBOY DESIGN,JUMBO STORAGE BAG SKULLS,0.008586649952992792,0.2902542372881356,9.874213978533483
JUMBO BAG SPACEBOY DESIGN,JUMBO STORAGE BAG SUKI,0.01234722657474146,0.4173728813559322,8.670812919314972
JUMBO BAG SPACEBOY DESIGN,LUNCH BAG  BLACK SKULL.,0.007583829520526481,0.2563559322033898,3.9366303159817946
JUMBO BAG SPACEBOY DESIGN,LUNCH BAG APPLE DESIGN,0.006330303979943591,0.2139830508474576,4.007159127078857
JUMBO BAG SPACEBOY DESIGN,LUNCH BAG CARS BLUE,0.006706361642118458,0.2266949152542373,3.8153136844740043
JUMBO BAG SPACEBOY DESIGN,LUNCH BAG DOLLY GIRL DESIGN,0.006392980256972736,0.21610169491525424,5.873769237432507
JUMBO BAG SPACEBOY DESIGN,LUNCH BAG PINK POLKADOT,0.007207771858351614,0.24364406779661016,4.2531084263620516
JUMBO BAG SPACEBOY DESIGN,LUNCH BAG RED RETROSPOT,0.009464117831400816,0.31991525423728817,4.03179137547862
JUMBO BAG SPACEBOY DESIGN,LUNCH BAG SPACEBOY DESIGN,0.010216233155750548,0.3453389830508474,5.633827683615818
JUMBO BAG SPACEBOY DESIGN,LUNCH BAG SUKI DESIGN,0.006079598871827014,0.2055084745762712,3.675883085049784
JUMBO BAG SPACEBOY DESIGN,LUNCH BAG WOODLAND,0.006204951425885302,0.20974576271186438,4.151977225890565
JUMBO BAG SPACEBOY DESIGN,RED RETROSPOT CHARLOTTE BAG,0.006079598871827014,0.2055084745762712,4.473243808819109
JUMBO BAG STRAWBERRY,JUMBO BAG VINTAGE LEAF,0.009589470385459103,0.23720930232558138,5.039513207196605
JUMBO BAG STRAWBERRY,JUMBO BAG WOODLAND ANIMALS,0.008962707615167658,0.22170542635658913,7.293422840246143
JUMBO BAG STRAWBERRY,JUMBO SHOPPER VINTAGE RED PAISLEY,0.010905672203071138,0.26976744186046514,5.504014750490692
JUMBO BAG STRAWBERRY,JUMBO STORAGE BAG SKULLS,0.009025383892196804,0.2232558139534884,7.594981901125602
JUMBO BAG STRAWBERRY,JUMBO STORAGE BAG SUKI,0.013412723284236917,0.33178294573643413,6.8927042958656335
JUMBO BAG STRAWBERRY,LUNCH BAG  BLACK SKULL.,0.008774678784080225,0.21705426356589147,3.3331095045176116
JUMBO BAG STRAWBERRY,LUNCH BAG PINK POLKADOT,0.008962707615167658,0.22170542635658913,3.870142316760809
JUMBO BAG STRAWBERRY,LUNCH BAG RED RETROSPOT,0.010153556878721404,0.25116279069767444,3.165325691612477
STRAWBERRY CHARLOTTE BAG,JUMBO BAG STRAWBERRY,0.007834534628643058,0.257201646090535,6.362251571123234
JUMBO BAG VINTAGE CHRISTMAS,JUMBO BAG VINTAGE DOILY,0.007583829520526481,0.31842105263157894,8.36969999132923
JUMBO BAG VINTAGE CHRISTMAS,JUMBO BAG VINTAGE LEAF,0.00532748354747728,0.2236842105263158,4.752172541873993
JUMBO BAG VINTAGE CHRISTMAS,PAPER CHAIN KIT 50'S CHRISTMAS,0.005954246317768724,0.25,4.142004153686397
JUMBO BAG VINTAGE CHRISTMAS,PAPER CHAIN KIT VINTAGE CHRISTMAS,0.005264807270448135,0.22105263157894736,5.126300489596083
JUMBO BAG VINTAGE DOILY,JUMBO BAG VINTAGE LEAF,0.013788780946411783,0.3624382207578254,7.700002413037422
JUMBO BAG VINTAGE DOILY,JUMBO SHOPPER VINTAGE RED PAISLEY,0.009338765277342526,0.2454695222405272,5.008268832925335
JUMBO STORAGE BAG SKULLS,JUMBO BAG VINTAGE DOILY,0.00589157004073958,0.20042643923240938,5.268210606183018
JUMBO BAG VINTAGE DOILY,JUMBO STORAGE BAG SUKI,0.008774678784080225,0.23064250411861614,4.791537959912136
JUMBO BAG VINTAGE DOILY,LUNCH BAG  BLACK SKULL.,0.007834534628643058,0.20593080724876442,3.162296467424482
JUMBO BAG VINTAGE DOILY,LUNCH BAG RED RETROSPOT,0.00940144155437167,0.24711696869851732,3.114337468866385
JUMBO BAG VINTAGE DOILY,LUNCH BAG VINTAGE DOILY,0.013851457223440928,0.36408566721581553,11.001868978083971
JUMBO BAG WOODLAND ANIMALS,JUMBO BAG VINTAGE LEAF,0.006079598871827014,0.2,4.249001331557923
JUMBO BAG VINTAGE LEAF,JUMBO SHOPPER VINTAGE RED PAISLEY,0.012911313068003761,0.27430093209054596,5.596510705248927
JUMBO STORAGE BAG SKULLS,JUMBO BAG VINTAGE LEAF,0.007458476966468191,0.2537313432835821,5.390524077349603
JUMBO BAG VINTAGE LEAF,JUMBO STORAGE BAG SUKI,0.01247257912879975,0.26498002663115844,5.504891048047048
JUMBO BAG VINTAGE LEAF,LUNCH BAG  BLACK SKULL.,0.009965528047633971,0.21171770972037285,3.2511607878619335
JUMBO BAG VINTAGE LEAF,LUNCH BAG APPLE DESIGN,0.01065496709495456,0.22636484687083888,4.239027150028444
LUNCH BAG DOILEY PATTERN,JUMBO BAG VINTAGE LEAF,0.008022563459730491,0.2794759825327511,5.93746910960059
JUMBO BAG VINTAGE LEAF,LUNCH BAG RED RETROSPOT,0.011407082419304293,0.24234354194407456,3.054179472130892
LUNCH BAG VINTAGE DOILY,JUMBO BAG VINTAGE LEAF,0.007019743027264181,0.21212121212121213,4.5065165637735545
JUMBO BAG VINTAGE LEAF,LUNCH BAG VINTAGE LEAF DESIGN,0.012660607959887183,0.26897470039946736,7.298454668152214
RECYCLING BAG RETROSPOT,JUMBO BAG VINTAGE LEAF,0.005076778439360702,0.2,4.249001331557923
JUMBO BAG WOODLAND ANIMALS,JUMBO SHOPPER VINTAGE RED PAISLEY,0.008962707615167658,0.2948453608247423,6.015674849052127
JUMBO BAG WOODLAND ANIMALS,JUMBO STORAGE BAG SKULLS,0.00814791601378878,0.26804123711340205,9.11854571032906
JUMBO BAG WOODLAND ANIMALS,JUMBO STORAGE BAG SUKI,0.011156377311187715,0.3670103092783505,7.624543599656357
JUMBO BAG WOODLAND ANIMALS,LUNCH BAG  BLACK SKULL.,0.006330303979943591,0.20824742268041238,3.197870672633282
JUMBO BAG WOODLAND ANIMALS,LUNCH BAG APPLE DESIGN,0.006392980256972736,0.21030927835051547,3.9383621315522
JUMBO BAG WOODLAND ANIMALS,LUNCH BAG CARS BLUE,0.006831714196176747,0.22474226804123712,3.7824503023185003
JUMBO BAG WOODLAND ANIMALS,LUNCH BAG PINK POLKADOT,0.006455656534001881,0.21237113402061858,3.7072007038281938
JUMBO BAG WOODLAND ANIMALS,LUNCH BAG RED RETROSPOT,0.008523973675963649,0.2804123711340207,3.5339489584860186
JUMBO BAG WOODLAND ANIMALS,LUNCH BAG SPACEBOY DESIGN,0.007019743027264181,0.2309278350515464,3.767334977758101
JUMBO BAG WOODLAND ANIMALS,LUNCH BAG WOODLAND,0.009088060169225948,0.29896907216494845,5.918178097260238
JUMBO BAG WOODLAND ANIMALS,RED RETROSPOT CHARLOTTE BAG,0.006518332811031024,0.21443298969072164,4.667501160321233
JUMBO BAG WOODLAND ANIMALS,WOODLAND CHARLOTTE BAG,0.00770918207458477,0.25360824742268046,7.721983945856615
JUMBO STORAGE BAG SKULLS,JUMBO SHOPPER VINTAGE RED PAISLEY,0.009025383892196804,0.3070362473347548,6.264403230468048
JUMBO SHOPPER VINTAGE RED PAISLEY,JUMBO STORAGE BAG SUKI,0.015606392980256973,0.3184143222506394,6.614974624360615
JUMBO SHOPPER VINTAGE RED PAISLEY,LUNCH BAG RED RETROSPOT,0.011971168912566594,0.24424552429667523,3.0781495577831386
JUMBO STORAGE BAG SKULLS,JUMBO STORAGE BAG SUKI,0.012284550297712317,0.41791044776119407,8.681980721393035
JUMBO STORAGE BAG SKULLS,LUNCH BAG  BLACK SKULL.,0.011595111250391726,0.39445628997867804,6.05731482830588
JUMBO STORAGE BAG SKULLS,LUNCH BAG APPLE DESIGN,0.006330303979943591,0.21535181236673773,4.032791275013263
JUMBO STORAGE BAG SKULLS,LUNCH BAG CARS BLUE,0.007646505797555625,0.2601279317697228,4.377996995132835
JUMBO STORAGE BAG SKULLS,LUNCH BAG PINK POLKADOT,0.009025383892196804,0.3070362473347548,5.359697293463909
JUMBO STORAGE BAG SKULLS,LUNCH BAG RED RETROSPOT,0.00927608900031338,0.3155650319829424,3.9769668920125163
JUMBO STORAGE BAG SKULLS,LUNCH BAG SPACEBOY DESIGN,0.007395800689439048,0.2515991471215352,4.104564818327295
JUMBO STORAGE BAG SKULLS,LUNCH BAG SUKI DESIGN,0.007395800689439048,0.2515991471215352,4.500296403950778
JUMBO STORAGE BAG SKULLS,LUNCH BAG WOODLAND,0.006330303979943591,0.21535181236673773,4.262950578550001
JUMBO STORAGE BAG SUKI,LUNCH BAG  BLACK SKULL.,0.011469758696333437,0.23828124999999997,3.659073478103946
JUMBO STORAGE BAG SUKI,LUNCH BAG CARS BLUE,0.010842995926041992,0.22526041666666666,3.7911708311357244
JUMBO STORAGE BAG SUKI,LUNCH BAG PINK POLKADOT,0.010905672203071138,0.2265625,3.954928542122538
JUMBO STORAGE BAG SUKI,LUNCH BAG RED RETROSPOT,0.014854277655907239,0.30859375,3.8891100167851502
JUMBO STORAGE BAG SUKI,LUNCH BAG SPACEBOY DESIGN,0.010028204324663115,0.20833333333333331,3.398730402181322
JUMBO STORAGE BAG SUKI,LUNCH BAG SUKI DESIGN,0.013851457223440928,0.2877604166666667,5.147104762238416
RECYCLING BAG RETROSPOT,JUMBO STORAGE BAG SUKI,0.005202130993418991,0.2049382716049383,4.25753922325103
JUMBO STORAGE BAG SUKI,RED RETROSPOT CHARLOTTE BAG,0.009714822939517392,0.20182291666666666,4.393021330718509
STRAWBERRY CHARLOTTE BAG,JUMBO STORAGE BAG SUKI,0.006267627702914447,0.205761316872428,4.274637774348423
LARGE WHITE HEART OF WICKER,SMALL WHITE HEART OF WICKER,0.01754935756816045,0.5555555555555555,15.362025803966878
LOVE HOT WATER BOTTLE,PAPER CHAIN KIT 50'S CHRISTMAS,0.006142275148856158,0.22374429223744294,3.7069991512444465
LOVE HOT WATER BOTTLE,RETROSPOT HEART HOT WATER BOTTLE,0.006392980256972736,0.2328767123287671,7.145284510010537
LOVE HOT WATER BOTTLE,SCOTTIE DOG HOT WATER BOTTLE,0.008900031338138515,0.3242009132420091,8.032027283814061
WHITE SKULL HOT WATER BOTTLE,LOVE HOT WATER BOTTLE,0.005014102162331557,0.2150537634408602,7.833750675111699
LUNCH BAG  BLACK SKULL.,LUNCH BAG ALPHABET DESIGN,0.015042306486994672,0.23099133782483158,5.840676378756241
LUNCH BAG  BLACK SKULL.,LUNCH BAG APPLE DESIGN,0.01980570354120965,0.3041385948026949,5.695459248916664
LUNCH BAG  BLACK SKULL.,LUNCH BAG CARS BLUE,0.026136007521153245,0.4013474494706449,6.754745312557109
LUNCH BAG DOILEY PATTERN,LUNCH BAG  BLACK SKULL.,0.00827326856784707,0.28820960698689957,4.4257789022867975
LUNCH BAG  BLACK SKULL.,LUNCH BAG DOLLY GIRL DESIGN,0.016358508304606705,0.25120307988450435,6.827845212192959
LUNCH BAG  BLACK SKULL.,LUNCH BAG PINK POLKADOT,0.028517706048260733,0.4379210779595765,7.644453828058034
LUNCH BAG  BLACK SKULL.,LUNCH BAG RED RETROSPOT,0.03183954873080539,0.4889316650625602,6.16185206640849
LUNCH BAG  BLACK SKULL.,LUNCH BAG SPACEBOY DESIGN,0.025885302413036666,0.39749759384023103,6.484738353497838
LUNCH BAG  BLACK SKULL.,LUNCH BAG SUKI DESIGN,0.025446568473832653,0.39076034648700675,6.989440950897078
LUNCH BAG VINTAGE DOILY,LUNCH BAG  BLACK SKULL.,0.012409902851770604,0.375,5.758541867179981
LUNCH BAG  BLACK SKULL.,LUNCH BAG VINTAGE LEAF DESIGN,0.015230335318082105,0.23387872954764197,6.34614818015753
LUNCH BAG  BLACK SKULL.,LUNCH BAG WOODLAND,0.021497963020996554,0.33012512030798846,6.534920960935429
PACK OF 72 SKULL CAKE CASES,LUNCH BAG  BLACK SKULL.,0.007897210905672204,0.2571428571428572,3.9487144232091302
PLASTERS IN TIN SKULLS,LUNCH BAG  BLACK SKULL.,0.007583829520526481,0.27880184331797236,4.281312233049325
RECYCLING BAG RETROSPOT,LUNCH BAG  BLACK SKULL.,0.005954246317768724,0.2345679012345679,3.602050879882128
RED RETROSPOT CHARLOTTE BAG,LUNCH BAG  BLACK SKULL.,0.01247257912879975,0.27148703956343795,4.168985289927481
RED RETROSPOT SHOPPER BAG,LUNCH BAG  BLACK SKULL.,0.005640864932623002,0.23684210526315788,3.636973810850514
STRAWBERRY CHARLOTTE BAG,LUNCH BAG  BLACK SKULL.,0.009464117831400816,0.3106995884773663,4.771137568966679
STRAWBERRY LUNCH BOX WITH CUTLERY,LUNCH BAG  BLACK SKULL.,0.006643685365089314,0.2523809523809524,3.8755900820385905
WHITE SKULL HOT WATER BOTTLE,LUNCH BAG  BLACK SKULL.,0.005076778439360702,0.21774193548387097,3.3436694712657955
WOODLAND CHARLOTTE BAG,LUNCH BAG  BLACK SKULL.,0.008712002507051082,0.26526717557251905,4.073472364061157
LUNCH BAG ALPHABET DESIGN,LUNCH BAG APPLE DESIGN,0.018865559385772484,0.4770206022187004,8.932938624881885
LUNCH BAG ALPHABET DESIGN,LUNCH BAG CARS BLUE,0.014227514885615794,0.35974643423137875,6.054593204811865
LUNCH BAG ALPHABET DESIGN,LUNCH BAG DOILEY PATTERN,0.008335944844876214,0.2107765451664025,7.342663271026096
LUNCH BAG ALPHABET DESIGN,LUNCH BAG DOLLY GIRL DESIGN,0.01065496709495456,0.2694136291600634,7.322818489350616
LUNCH BAG ALPHABET DESIGN,LUNCH BAG PINK POLKADOT,0.013851457223440928,0.3502377179080824,6.113832373329819
LUNCH BAG ALPHABET DESIGN,LUNCH BAG RED RETROSPOT,0.015919774365402695,0.40253565768621236,5.073030346274501
LUNCH BAG ALPHABET DESIGN,LUNCH BAG SPACEBOY DESIGN,0.015167659041052961,0.38351822503961963,6.2566802459173125
LUNCH BAG ALPHABET DESIGN,LUNCH BAG SUKI DESIGN,0.01585709808837355,0.4009508716323296,7.171716543602937
LUNCH BAG ALPHABET DESIGN,LUNCH BAG VINTAGE DOILY,0.008085239736759637,0.20443740095087162,6.177649113960524
LUNCH BAG ALPHABET DESIGN,LUNCH BAG VINTAGE LEAF DESIGN,0.015042306486994672,0.38034865293185416,10.320514893754648
LUNCH BAG ALPHABET DESIGN,LUNCH BAG WOODLAND,0.01234722657474146,0.312202852614897,6.180144557655932
LUNCH BAG APPLE DESIGN,LUNCH BAG CARS BLUE,0.01780006267627703,0.33333333333333337,5.610056258790436
LUNCH BAG APPLE DESIGN,LUNCH BAG DOILEY PATTERN,0.012033845189595738,0.22535211267605634,7.850421305123317
LUNCH BAG APPLE DESIGN,LUNCH BAG DOLLY GIRL DESIGN,0.012597931682858039,0.2359154929577465,6.412319744703314
LUNCH BAG APPLE DESIGN,LUNCH BAG PINK POLKADOT,0.017988091507364464,0.33685446009389675,5.880211062142366
LUNCH BAG APPLE DESIGN,LUNCH BAG RED RETROSPOT,0.024067690379191476,0.4507042253521127,5.680083661526823
LUNCH BAG APPLE DESIGN,LUNCH BAG SPACEBOY DESIGN,0.019178940770918206,0.3591549295774648,5.859219735591464
LUNCH BAG APPLE DESIGN,LUNCH BAG SUKI DESIGN,0.02231275462237543,0.41784037558685444,7.473815238215542
LUNCH BAG APPLE DESIGN,LUNCH BAG VINTAGE DOILY,0.011532434973362583,0.215962441314554,6.52591051358657
LUNCH BAG APPLE DESIGN,LUNCH BAG VINTAGE LEAF DESIGN,0.018865559385772484,0.3532863849765258,9.5861977420076
LUNCH BAG APPLE DESIGN,LUNCH BAG WOODLAND,0.018426825446568474,0.3450704225352113,6.8307674833117815
RED RETROSPOT CHARLOTTE BAG,LUNCH BAG APPLE DESIGN,0.009652146662488249,0.2100954979536153,3.9343587674294977
STRAWBERRY CHARLOTTE BAG,LUNCH BAG APPLE DESIGN,0.007082419304293325,0.23251028806584365,4.354109913251802
LUNCH BAG DOILEY PATTERN,LUNCH BAG CARS BLUE,0.007646505797555625,0.2663755458515284,4.483145394579257
LUNCH BAG CARS BLUE,LUNCH BAG DOLLY GIRL DESIGN,0.014979630209965528,0.25210970464135024,6.852487798215917
LUNCH BAG CARS BLUE,LUNCH BAG PINK POLKADOT,0.02638671262926982,0.44409282700421937,7.752189337912823
LUNCH BAG CARS BLUE,LUNCH BAG RED RETROSPOT,0.028141648386085866,0.47362869198312235,5.968993507575606
LUNCH BAG CARS BLUE,LUNCH BAG SPACEBOY DESIGN,0.024193042933249764,0.4071729957805907,6.642581950592357
LUNCH BAG CARS BLUE,LUNCH BAG SUKI DESIGN,0.024193042933249764,0.4071729957805907,7.2830102552458795
LUNCH BAG VINTAGE DOILY,LUNCH BAG CARS BLUE,0.009213412723284237,0.2784090909090909,4.685671988876102
LUNCH BAG CARS BLUE,LUNCH BAG VINTAGE LEAF DESIGN,0.012535255405828893,0.2109704641350211,5.724547202847384
LUNCH BAG CARS BLUE,LUNCH BAG WOODLAND,0.022124725791288,0.37236286919831224,7.371029253175027
PACK OF 60 DINOSAUR CAKE CASES,LUNCH BAG CARS BLUE,0.006518332811031024,0.20392156862745098,3.4320344171423844
RECYCLING BAG RETROSPOT,LUNCH BAG CARS BLUE,0.005076778439360702,0.2,3.3660337552742616
RED RETROSPOT CHARLOTTE BAG,LUNCH BAG CARS BLUE,0.01065496709495456,0.23192360163710776,3.903313358776429
RED RETROSPOT SHOPPER BAG,LUNCH BAG CARS BLUE,0.005264807270448135,0.22105263157894736,3.72035309793471
STRAWBERRY CHARLOTTE BAG,LUNCH BAG CARS BLUE,0.009150736446255093,0.3004115226337449,5.0559766282926155
WOODLAND CHARLOTTE BAG,LUNCH BAG CARS BLUE,0.00839862112190536,0.25572519083969464,4.303898122201823
LUNCH BAG DOILEY PATTERN,LUNCH BAG PINK POLKADOT,0.007834534628643058,0.2729257641921397,4.764256638605677
LUNCH BAG DOILEY PATTERN,LUNCH BAG RED RETROSPOT,0.01065496709495456,0.37117903930131,4.677852742537442
LUNCH BAG DOILEY PATTERN,LUNCH BAG SPACEBOY DESIGN,0.007333124412409903,0.2554585152838428,4.167526187478233
LUNCH BAG DOILEY PATTERN,LUNCH BAG SUKI DESIGN,0.008712002507051082,0.3034934497816594,5.428517927428672
LUNCH BAG DOILEY PATTERN,LUNCH BAG VINTAGE LEAF DESIGN,0.00940144155437167,0.32751091703056767,8.886797076909366
LUNCH BAG DOILEY PATTERN,LUNCH BAG WOODLAND,0.006706361642118458,0.2336244541484716,4.6246627368968545
LUNCH BAG DOILEY PATTERN,SPOTTY BUNTING,0.006392980256972736,0.22270742358078602,3.6258132073790215
LUNCH BAG DOLLY GIRL DESIGN,LUNCH BAG PINK POLKADOT,0.014478219993732373,0.39352640545144807,6.869489933236164
LUNCH BAG DOLLY GIRL DESIGN,LUNCH BAG RED RETROSPOT,0.01892823566280163,0.5144804088586031,6.483834852558462
LUNCH BAG DOLLY GIRL DESIGN,LUNCH BAG SPACEBOY DESIGN,0.021999373237229707,0.5979557069846678,9.754993154335763
LUNCH BAG DOLLY GIRL DESIGN,LUNCH BAG SUKI DESIGN,0.015919774365402695,0.4327086882453152,7.739761346360992
LUNCH BAG VINTAGE DOILY,LUNCH BAG DOLLY GIRL DESIGN,0.006894390473205891,0.20833333333333331,5.662620670073822
LUNCH BAG DOLLY GIRL DESIGN,LUNCH BAG VINTAGE LEAF DESIGN,0.00814791601378878,0.22146507666098808,6.009311731506913
LUNCH BAG DOLLY GIRL DESIGN,LUNCH BAG WOODLAND,0.015543716703227827,0.42248722316865417,8.363255143493644
LUNCH BAG DOLLY GIRL DESIGN,SPACEBOY LUNCH BOX,0.008586649952992792,0.2333901192504259,5.412411849768235
LUNCH BAG PINK POLKADOT,LUNCH BAG RED RETROSPOT,0.03196490128486368,0.5579868708971554,7.032133116243376
LUNCH BAG PINK POLKADOT,LUNCH BAG SPACEBOY DESIGN,0.022751488561579443,0.3971553610503282,6.479155199957042
LUNCH BAG PINK POLKADOT,LUNCH BAG SUKI DESIGN,0.02231275462237543,0.3894967177242888,6.966838712209673
LUNCH BAG VINTAGE DOILY,LUNCH BAG PINK POLKADOT,0.011093701034158571,0.3352272727272727,5.851806494927391
LUNCH BAG PINK POLKADOT,LUNCH BAG VINTAGE LEAF DESIGN,0.012284550297712317,0.21444201312910285,5.818745441283735
LUNCH BAG PINK POLKADOT,LUNCH BAG WOODLAND,0.019743027264180507,0.3446389496717724,6.8222263548549975
PINK FAIRY CAKE CHILDRENS APRON,LUNCH BAG PINK POLKADOT,0.004951425885302413,0.20466321243523317,3.5726494030679925
RECYCLING BAG RETROSPOT,LUNCH BAG PINK POLKADOT,0.005640864932623002,0.2222222222222222,3.879163627522489
RED RETROSPOT CHARLOTTE BAG,LUNCH BAG PINK POLKADOT,0.010968348480100282,0.23874488403819918,4.167587116881256
RED RETROSPOT SHOPPER BAG,LUNCH BAG PINK POLKADOT,0.005076778439360702,0.2131578947368421,3.720934584820914
STRAWBERRY CHARLOTTE BAG,LUNCH BAG PINK POLKADOT,0.008523973675963649,0.2798353909465021,4.884872716139432
STRAWBERRY LUNCH BOX WITH CUTLERY,LUNCH BAG PINK POLKADOT,0.006581009088060169,0.25,4.364059080962801
LUNCH BAG RED RETROSPOT,LUNCH BAG SPACEBOY DESIGN,0.028831087433406455,0.36334913112164297,5.927643545036619
LUNCH BAG RED RETROSPOT,LUNCH BAG SUKI DESIGN,0.028078972109056723,0.353870458135861,6.329599954661057
LUNCH BAG VINTAGE DOILY,LUNCH BAG RED RETROSPOT,0.015167659041052961,0.4583333333333333,5.776230911005793
LUNCH BAG RED RETROSPOT,LUNCH BAG VINTAGE LEAF DESIGN,0.016421184581635852,0.20695102685624014,5.615482369883183
LUNCH BAG RED RETROSPOT,LUNCH BAG WOODLAND,0.02676277029144469,0.3372827804107425,6.676608885177911
PINK FAIRY CAKE CHILDRENS APRON,LUNCH BAG RED RETROSPOT,0.005828893763710436,0.24093264248704666,3.0363983498268796
RECYCLING BAG RETROSPOT,LUNCH BAG RED RETROSPOT,0.007834534628643058,0.30864197530864196,3.889717785189086
RED RETROSPOT CHARLOTTE BAG,LUNCH BAG RED RETROSPOT,0.014791601378878095,0.3219645293315143,4.057617745248271
RED RETROSPOT SHOPPER BAG,LUNCH BAG RED RETROSPOT,0.007959887182701348,0.3342105263157895,4.211950195393698
STRAWBERRY CHARLOTTE BAG,LUNCH BAG RED RETROSPOT,0.01052961454089627,0.345679012345679,4.356483919411776
STRAWBERRY LUNCH BOX WITH CUTLERY,LUNCH BAG RED RETROSPOT,0.007646505797555625,0.2904761904761905,3.660780109832243
WOODLAND CHARLOTTE BAG,LUNCH BAG RED RETROSPOT,0.00927608900031338,0.282442748091603,3.5595371609806685
LUNCH BAG SPACEBOY DESIGN,LUNCH BAG SUKI DESIGN,0.02356628016295832,0.38445807770961143,6.876713710601851
LUNCH BAG VINTAGE DOILY,LUNCH BAG SPACEBOY DESIGN,0.01178314008147916,0.356060606060606,5.808739232818986
LUNCH BAG SPACEBOY DESIGN,LUNCH BAG VINTAGE LEAF DESIGN,0.014039486054528361,0.22903885480572597,6.214821306845847
LUNCH BAG SPACEBOY DESIGN,LUNCH BAG WOODLAND,0.025195863365716078,0.4110429447852761,8.136712387157667
PACK OF 60 SPACEBOY CAKE CASES,LUNCH BAG SPACEBOY DESIGN,0.005515512378564714,0.22391857506361323,3.6529865696727497
PLASTERS IN TIN SPACEBOY,LUNCH BAG SPACEBOY DESIGN,0.008649326230021936,0.24168126094570924,3.942765356225758
RED RETROSPOT CHARLOTTE BAG,LUNCH BAG SPACEBOY DESIGN,0.011156377311187715,0.242837653478854,3.9616306352301796
ROUND SNACK BOXES SET OF4 WOODLAND,LUNCH BAG SPACEBOY DESIGN,0.007834534628643058,0.21331058020477814,3.4799287394348006
SPACEBOY BIRTHDAY CARD,LUNCH BAG SPACEBOY DESIGN,0.00532748354747728,0.21794871794871795,3.5555948822819987
LUNCH BAG SPACEBOY DESIGN,SPACEBOY LUNCH BOX,0.012409902851770604,0.20245398773006135,4.694990369524897
STRAWBERRY CHARLOTTE BAG,LUNCH BAG SPACEBOY DESIGN,0.008523973675963649,0.2798353909465021,4.565208243917629
STRAWBERRY LUNCH BOX WITH CUTLERY,LUNCH BAG SPACEBOY DESIGN,0.005828893763710436,0.22142857142857145,3.6123648846041485
WOODLAND CHARLOTTE BAG,LUNCH BAG SPACEBOY DESIGN,0.007333124412409903,0.2232824427480916,3.642608766917997
LUNCH BAG SUKI DESIGN,LUNCH BAG VINTAGE DOILY,0.01178314008147916,0.21076233183856502,6.368774629705123
LUNCH BAG SUKI DESIGN,LUNCH BAG VINTAGE LEAF DESIGN,0.015794421811344408,0.2825112107623319,7.665759128763614
LUNCH BAG SUKI DESIGN,LUNCH BAG WOODLAND,0.01905358821685992,0.3408071748878924,6.746375279573602
RED RETROSPOT CHARLOTTE BAG,LUNCH BAG SUKI DESIGN,0.01052961454089627,0.2291950886766712,4.099560134345616
RED RETROSPOT SHOPPER BAG,LUNCH BAG SUKI DESIGN,0.00476339705421498,0.2,3.5773542600896864
STRAWBERRY CHARLOTTE BAG,LUNCH BAG SUKI DESIGN,0.007897210905672204,0.2592592592592593,4.637311077894038
WOODLAND CHARLOTTE BAG,LUNCH BAG SUKI DESIGN,0.007583829520526481,0.2309160305343511,4.130342227775305
LUNCH BAG VINTAGE DOILY,LUNCH BAG VINTAGE LEAF DESIGN,0.010153556878721404,0.3068181818181818,8.325313079777365
LUNCH BAG VINTAGE DOILY,LUNCH BAG WOODLAND,0.00940144155437167,0.28409090909090906,5.623660613579967
LUNCH BAG VINTAGE LEAF DESIGN,LUNCH BAG WOODLAND,0.01178314008147916,0.31972789115646255,6.329104842929727
RED RETROSPOT CHARLOTTE BAG,LUNCH BAG WOODLAND,0.009213412723284237,0.20054570259208732,3.9698594104922496
ROUND SNACK BOXES SET OF 4 FRUITS,LUNCH BAG WOODLAND,0.005703541209652147,0.20132743362831856,3.98533399942906
ROUND SNACK BOXES SET OF4 WOODLAND,LUNCH BAG WOODLAND,0.009840175493575682,0.26791808873720135,5.303515019605518
SPACEBOY LUNCH BOX,LUNCH BAG WOODLAND,0.008837355061109371,0.2049418604651163,4.056882610075596
STRAWBERRY CHARLOTTE BAG,LUNCH BAG WOODLAND,0.007959887182701348,0.26131687242798357,5.172842059042776
STRAWBERRY LUNCH BOX WITH CUTLERY,LUNCH BAG WOODLAND,0.005515512378564714,0.20952380952380956,4.147583599196503
WOODLAND CHARLOTTE BAG,LUNCH BAG WOODLAND,0.009777499216546538,0.29770992366412213,5.893252893376015
LUNCH BOX I LOVE LONDON,PACK OF 12 LONDON TISSUES,0.007583829520526481,0.24151696606786427,10.140534720033617
LUNCH BOX I LOVE LONDON,SET 2 TEA TOWELS I LOVE LONDON,0.00827326856784707,0.26347305389221554,11.454257697139779
LUNCH BOX I LOVE LONDON,SPACEBOY LUNCH BOX,0.010842995926041992,0.3453093812375249,8.007865083785916
NO SINGING METAL SIGN,PLEASE ONE PERSON METAL SIGN,0.00814791601378878,0.34210526315789475,8.050574444961963
PACK OF 12 LONDON TISSUES,SET 2 TEA TOWELS I LOVE LONDON,0.006204951425885302,0.26052631578947366,11.326150867632295
PACK OF 20 NAPKINS PANTRY DESIGN,RECIPE BOX PANTRY YELLOW DESIGN,0.006643685365089314,0.20662768031189083,4.115786066636977
PACK OF 20 NAPKINS PANTRY DESIGN,SET OF 3 CAKE TINS PANTRY DESIGN,0.008712002507051082,0.2709551656920078,3.8876705653021437
PACK OF 20 NAPKINS PANTRY DESIGN,SET OF 4 PANTRY JELLY MOULDS,0.006643685365089314,0.20662768031189083,3.896861275858414
PACK OF 20 NAPKINS PANTRY DESIGN,SET/20 RED RETROSPOT PAPER NAPKINS,0.006706361642118458,0.20857699805068225,4.6739410167115665
PACK OF 60 DINOSAUR CAKE CASES,PACK OF 60 PINK PAISLEY CAKE CASES,0.012096521466624882,0.3784313725490196,9.317704550956185
PACK OF 60 DINOSAUR CAKE CASES,PACK OF 60 SPACEBOY CAKE CASES,0.01134440614227515,0.35490196078431374,14.408297161103627
PACK OF 60 DINOSAUR CAKE CASES,PACK OF 72 RETROSPOT CAKE CASES,0.01610780319649013,0.5039215686274511,8.104907890575587
PACK OF 60 DINOSAUR CAKE CASES,PACK OF 72 SKULL CAKE CASES,0.011657787527420872,0.3647058823529412,11.87527010804322
PACK OF 60 DINOSAUR CAKE CASES,SET OF 60 PANTRY DESIGN CAKE CASES,0.006769037919147603,0.21176470588235297,6.995250274022653
PACK OF 60 PINK PAISLEY CAKE CASES,PACK OF 60 SPACEBOY CAKE CASES,0.00940144155437167,0.23148148148148148,9.397676939025539
PACK OF 60 PINK PAISLEY CAKE CASES,PACK OF 72 RETROSPOT CAKE CASES,0.020369790034471952,0.5015432098765432,8.066655154818799
PACK OF 60 PINK PAISLEY CAKE CASES,PACK OF 72 SKULL CAKE CASES,0.00927608900031338,0.22839506172839505,7.436822877299067
PACK OF 60 PINK PAISLEY CAKE CASES,SET OF 60 PANTRY DESIGN CAKE CASES,0.00839862112190536,0.20679012345679013,6.830924264499144
PACK OF 60 SPACEBOY CAKE CASES,PACK OF 72 RETROSPOT CAKE CASES,0.012973989345032905,0.5267175572519084,8.471551034228023
PACK OF 60 SPACEBOY CAKE CASES,PACK OF 72 SKULL CAKE CASES,0.009464117831400816,0.38422391857506366,12.510801267071717
PACK OF 60 SPACEBOY CAKE CASES,SET OF 60 PANTRY DESIGN CAKE CASES,0.006392980256972736,0.2595419847328244,8.573483160273733
PACK OF 72 RETROSPOT CAKE CASES,PACK OF 72 SKULL CAKE CASES,0.01529301159511125,0.24596774193548387,8.00901086240948
RED RETROSPOT CAKE STAND,PACK OF 72 RETROSPOT CAKE CASES,0.005264807270448135,0.20689655172413793,3.3276557285873194
SET OF 20 KIDS COOKIE CUTTERS,PACK OF 72 RETROSPOT CAKE CASES,0.00532748354747728,0.20987654320987653,3.3755849263241737
SET OF 3 BUTTERFLY COOKIE CUTTERS,PACK OF 72 RETROSPOT CAKE CASES,0.006581009088060169,0.21649484536082475,3.4820315098104424
SET OF 3 HEART COOKIE CUTTERS,PACK OF 72 RETROSPOT CAKE CASES,0.006581009088060169,0.20588235294117646,3.3113436907020875
SET OF 60 PANTRY DESIGN CAKE CASES,PACK OF 72 RETROSPOT CAKE CASES,0.010153556878721404,0.33540372670807456,5.394522640753356
PACK OF 72 RETROSPOT CAKE CASES,SET/20 RED RETROSPOT PAPER NAPKINS,0.012660607959887183,0.20362903225806453,4.563063496737949
PAPER CHAIN KIT RETROSPOT,PAPER CHAIN KIT 50'S CHRISTMAS,0.007019743027264181,0.25688073394495414,4.2560042680080405
PAPER CHAIN KIT 50'S CHRISTMAS,PAPER CHAIN KIT VINTAGE CHRISTMAS,0.027828267000940144,0.46105919003115264,10.692150257190466
SET OF 20 VINTAGE CHRISTMAS NAPKINS,PAPER CHAIN KIT 50'S CHRISTMAS,0.010278909432779693,0.349680170575693,5.793506875945153
SET OF 3 WOODEN HEART DECORATIONS,PAPER CHAIN KIT 50'S CHRISTMAS,0.006142275148856158,0.2558746736292428,4.239335843981899
WHITE SKULL HOT WATER BOTTLE,PAPER CHAIN KIT 50'S CHRISTMAS,0.004700720777185835,0.20161290322580644,3.3403259303922552
WOODEN HEART CHRISTMAS SCANDINAVIAN,PAPER CHAIN KIT 50'S CHRISTMAS,0.006079598871827014,0.21700223713646533,3.5952966703139193
WOODEN STAR CHRISTMAS SCANDINAVIAN,PAPER CHAIN KIT 50'S CHRISTMAS,0.00589157004073958,0.22596153846153846,3.7437345235242434
PAPER CHAIN KIT VINTAGE CHRISTMAS,SET OF 20 VINTAGE CHRISTMAS NAPKINS,0.01009088060169226,0.23401162790697677,7.960885977091289
PARTY BUNTING,SPOTTY BUNTING,0.023816985271074897,0.28106508875739644,4.575911725637001
VINTAGE UNION JACK BUNTING,PARTY BUNTING,0.006392980256972736,0.26288659793814434,3.102334075520039
PHOTO FRAME CORNICE,WOODEN FRAME ANTIQUE WHITE,0.007583829520526481,0.28009259259259256,5.586096643518518
PHOTO FRAME CORNICE,WOODEN PICTURE FRAME WHITE FINISH,0.008649326230021936,0.3194444444444444,5.858317369093231
PINK BLUE FELT CRAFT TRINKET BOX,PINK CREAM FELT CRAFT TRINKET BOX,0.01460357254779066,0.5154867256637168,15.6064339809575
PINK REGENCY TEACUP AND SAUCER,REGENCY CAKESTAND 3 TIER,0.017988091507364464,0.5456273764258556,5.350636011600814
PINK REGENCY TEACUP AND SAUCER,ROSES REGENCY TEACUP AND SAUCER,0.0255092447508618,0.7737642585551331,16.819357963551973
PLASTERS IN TIN CIRCUS PARADE,PLASTERS IN TIN SKULLS,0.007583829520526481,0.24151696606786427,8.878809201872752
PLASTERS IN TIN CIRCUS PARADE,PLASTERS IN TIN SPACEBOY,0.015042306486994672,0.4790419161676646,13.385488217959875
PLASTERS IN TIN CIRCUS PARADE,PLASTERS IN TIN STRONGMAN,0.013224694453149484,0.4211576846307385,15.518639395573746
PLASTERS IN TIN CIRCUS PARADE,PLASTERS IN TIN VINTAGE PAISLEY,0.008649326230021936,0.27544910179640714,9.330765221150056
PLASTERS IN TIN CIRCUS PARADE,PLASTERS IN TIN WOODLAND ANIMALS,0.015669069257286117,0.499001996007984,13.82218202483921
PLASTERS IN TIN CIRCUS PARADE,POSTAGE,0.008774678784080225,0.27944111776447106,4.274672132245575
PLASTERS IN TIN CIRCUS PARADE,ROUND SNACK BOXES SET OF4 WOODLAND,0.006330303979943591,0.20159680638722555,5.488868679024204
PLASTERS IN TIN SKULLS,PLASTERS IN TIN SPACEBOY,0.010341585709808837,0.380184331797235,10.623189166068098
PLASTERS IN TIN SKULLS,PLASTERS IN TIN STRONGMAN,0.006706361642118458,0.24654377880184333,9.084540394418962
PLASTERS IN TIN SKULLS,PLASTERS IN TIN VINTAGE PAISLEY,0.009589470385459103,0.35253456221198154,11.9420147348029
PLASTERS IN TIN SKULLS,PLASTERS IN TIN WOODLAND ANIMALS,0.010842995926041992,0.3986175115207373,11.041566660266257
PLASTERS IN TIN SPACEBOY,PLASTERS IN TIN STRONGMAN,0.01178314008147916,0.329246935201401,12.131951157363403
PLASTERS IN TIN SPACEBOY,PLASTERS IN TIN VINTAGE PAISLEY,0.01134440614227515,0.3169877408056042,10.737875593531667
PLASTERS IN TIN SPACEBOY,PLASTERS IN TIN WOODLAND ANIMALS,0.01811344406142275,0.5061295971978984,14.019614102938315
PLASTERS IN TIN SPACEBOY,POSTAGE,0.007583829520526481,0.21190893169877406,3.241617454701764
PLASTERS IN TIN SPACEBOY,SPACEBOY LUNCH BOX,0.008774678784080225,0.24518388791593693,5.685914144911008
PLASTERS IN TIN STRONGMAN,PLASTERS IN TIN VINTAGE PAISLEY,0.010216233155750548,0.3764434180138568,12.751920879853683
PLASTERS IN TIN STRONGMAN,PLASTERS IN TIN WOODLAND ANIMALS,0.012221874020683171,0.4503464203233256,12.474439472671284
PLASTERS IN TIN VINTAGE PAISLEY,PLASTERS IN TIN WOODLAND ANIMALS,0.012033845189595738,0.40764331210191085,11.291578202406228
PLASTERS IN TIN WOODLAND ANIMALS,POSTAGE,0.009025383892196804,0.25,3.824304889741131
PLASTERS IN TIN WOODLAND ANIMALS,ROUND SNACK BOXES SET OF4 WOODLAND,0.007897210905672204,0.21875,5.955898037542662
POTTERING IN THE SHED METAL SIGN,PLEASE ONE PERSON METAL SIGN,0.006831714196176747,0.29700272479564027,6.989201289254337
RED TOADSTOOL LED NIGHT LIGHT,POSTAGE,0.007897210905672204,0.2456140350877193,3.7572118215000585
ROUND SNACK BOXES SET OF 4 FRUITS,POSTAGE,0.00927608900031338,0.327433628318584,5.008824103377764
POSTAGE,ROUND SNACK BOXES SET OF4 WOODLAND,0.01460357254779066,0.22339405560882067,6.082341565253811
STRAWBERRY LUNCH BOX WITH CUTLERY,POSTAGE,0.005828893763710436,0.22142857142857145,3.3872414737707164
WOODLAND CHARLOTTE BAG,POSTAGE,0.006581009088060169,0.20038167938931295,3.0652825452123564
RED TOADSTOOL LED NIGHT LIGHT,RABBIT NIGHT LIGHT,0.007834534628643058,0.24366471734892786,4.939860947016702
RECIPE BOX PANTRY YELLOW DESIGN,RECIPE BOX RETROSPOT,0.012597931682858039,0.250936329588015,9.35441387517939
RECIPE BOX PANTRY YELLOW DESIGN,SET OF 3 CAKE TINS PANTRY DESIGN,0.015919774365402695,0.317103620474407,4.549809590529823
RECIPE BOX PANTRY YELLOW DESIGN,SET OF 4 PANTRY JELLY MOULDS,0.010404261986837983,0.20724094881398253,3.90842711386181
SET OF 6 SPICE TINS PANTRY DESIGN,RECIPE BOX PANTRY YELLOW DESIGN,0.009025383892196804,0.22570532915360503,4.495790919657638
RECIPE BOX RETROSPOT,SET OF 3 CAKE TINS PANTRY DESIGN,0.006455656534001881,0.24065420560747663,3.452911736031735
RECYCLING BAG RETROSPOT,RED RETROSPOT CHARLOTTE BAG,0.005264807270448135,0.2074074074074074,4.514577333131221
VINTAGE HEADS AND TAILS CARD GAME,RED  HARMONICA IN BOX,0.006142275148856158,0.20718816067653278,6.121642784433483
RED  HARMONICA IN BOX,VINTAGE SNAP CARDS,0.006831714196176747,0.20185185185185184,4.715294723713464
RED  HARMONICA IN BOX,WOODEN BOX OF DOMINOES,0.006894390473205891,0.2037037037037037,7.403399983126635
WORLD WAR 2 GLIDERS ASSTD DESIGNS,RED  HARMONICA IN BOX,0.005766217486681291,0.20264317180616742,5.987355196606298
RED HANGING HEART T-LIGHT HOLDER,WHITE HANGING HEART T-LIGHT HOLDER,0.027514885615794422,0.6661608497723823,5.538611963584346
RED KITCHEN SCALES,SET OF 3 CAKE TINS PANTRY DESIGN,0.005703541209652147,0.21411764705882352,3.072164621244181
RED RETROSPOT CAKE STAND,REGENCY CAKESTAND 3 TIER,0.008712002507051082,0.34236453201970446,3.3573608533339794
RED RETROSPOT SHOPPER BAG,RED RETROSPOT CHARLOTTE BAG,0.006831714196176747,0.2868421052631579,6.243609535434767
RED RETROSPOT CHARLOTTE BAG,STRAWBERRY CHARLOTTE BAG,0.018301472892510186,0.3983628922237381,13.077942274546794
RED RETROSPOT CHARLOTTE BAG,WOODLAND CHARLOTTE BAG,0.017925415230335317,0.39017735334242837,11.880304718661153
REGENCY CAKESTAND 3 TIER,ROSES REGENCY TEACUP AND SAUCER,0.02425571921027891,0.23786109403810696,5.170400211686643
SET OF 3 REGENCY CAKE TINS,REGENCY CAKESTAND 3 TIER,0.014290191162644938,0.33578792341678937,3.2928680504701133
RETROSPOT HEART HOT WATER BOTTLE,SCOTTIE DOG HOT WATER BOTTLE,0.013350047007207771,0.4096153846153846,10.148157548972765
WHITE SKULL HOT WATER BOTTLE,RETROSPOT HEART HOT WATER BOTTLE,0.005139454716389847,0.22043010752688172,6.763389164598842
ROUND SNACK BOXES SET OF 4 FRUITS,ROUND SNACK BOXES SET OF4 WOODLAND,0.01629583202757756,0.5752212389380531,15.661527077229756
ROUND SNACK BOXES SET OF 4 FRUITS,SPACEBOY LUNCH BOX,0.007897210905672204,0.27876106194690264,6.464582475818069
ROUND SNACK BOXES SET OF4 WOODLAND,SPACEBOY LUNCH BOX,0.010153556878721404,0.2764505119453925,6.410999880942932
STRAWBERRY LUNCH BOX WITH CUTLERY,ROUND SNACK BOXES SET OF4 WOODLAND,0.006079598871827014,0.23095238095238096,6.288131805623273
WOODLAND CHARLOTTE BAG,ROUND SNACK BOXES SET OF4 WOODLAND,0.006706361642118458,0.20419847328244273,5.559704165906781
WHITE SKULL HOT WATER BOTTLE,SCOTTIE DOG HOT WATER BOTTLE,0.007019743027264181,0.3010752688172043,7.459093034128097
SET OF 12 FAIRY CAKE BAKING CASES,SET OF 60 PANTRY DESIGN CAKE CASES,0.006455656534001881,0.22838137472283815,7.544150794415906
SET OF 20 KIDS COOKIE CUTTERS,SET OF 3 BUTTERFLY COOKIE CUTTERS,0.006204951425885302,0.24444444444444444,8.041466208476518
SET OF 20 KIDS COOKIE CUTTERS,SET OF 3 HEART COOKIE CUTTERS,0.006204951425885302,0.24444444444444444,7.647276688453159
SET OF 3 BUTTERFLY COOKIE CUTTERS,SET OF 3 HEART COOKIE CUTTERS,0.014916953932936383,0.49072164948453606,15.351890034364262
SET OF 3 BUTTERFLY COOKIE CUTTERS,SET OF 4 PANTRY JELLY MOULDS,0.007207771858351614,0.23711340206185566,4.471801808388779
SET OF 3 REGENCY CAKE TINS,SET OF 3 CAKE TINS PANTRY DESIGN,0.011156377311187715,0.26215022091310747,3.7613370275797027
SET OF 4 PANTRY JELLY MOULDS,SET OF 3 CAKE TINS PANTRY DESIGN,0.011971168912566594,0.22576832151300238,3.2393287497661447
SET OF 3 CAKE TINS PANTRY DESIGN,SET OF 6 SPICE TINS PANTRY DESIGN,0.01823879661548104,0.26169064748201437,6.544317054193635
SET OF 60 PANTRY DESIGN CAKE CASES,SET OF 3 CAKE TINS PANTRY DESIGN,0.007145095581322469,0.23602484472049687,3.3864895661110856
SET OF 60 PANTRY DESIGN CAKE CASES,SET OF 3 REGENCY CAKE TINS,0.006957066750235036,0.22981366459627328,5.4001134295044775
SET OF 3 WOODEN HEART DECORATIONS,SMALL WHITE HEART OF WICKER,0.00532748354747728,0.22193211488250653,6.136788375997213
SET OF 3 WOODEN HEART DECORATIONS,WOODEN HEART CHRISTMAS SCANDINAVIAN,0.005390159824506424,0.22454308093994776,8.014731222364354
SET OF 3 WOODEN HEART DECORATIONS,WOODEN STAR CHRISTMAS SCANDINAVIAN,0.005264807270448135,0.21932114882506526,8.411704157461337
SET OF 60 PANTRY DESIGN CAKE CASES,SET OF 4 PANTRY JELLY MOULDS,0.006079598871827014,0.20082815734989648,3.7874861117229295
SET OF 60 PANTRY DESIGN CAKE CASES,SPOTTY BUNTING,0.006267627702914447,0.20703933747412007,3.37072717285672
SPACEBOY BIRTHDAY CARD,SPACEBOY LUNCH BOX,0.00532748354747728,0.21794871794871795,5.0543194692904
VINTAGE UNION JACK BUNTING,SPOTTY BUNTING,0.005703541209652147,0.2345360824742268,3.8183910162002945
STRAWBERRY CERAMIC TRINKET BOX,SWEETHEART CERAMIC TRINKET BOX,0.012723284236916326,0.4076305220883534,17.29719409553106
STRAWBERRY CHARLOTTE BAG,WOODLAND CHARLOTTE BAG,0.013287370730178627,0.43621399176954734,13.282050073822761
TRADITIONAL KNITTING NANCY,VINTAGE SNAP CARDS,0.006643685365089314,0.20948616600790512,4.8936336437132155
VINTAGE HEADS AND TAILS CARD GAME,VINTAGE SNAP CARDS,0.01529301159511125,0.5158562367864693,12.050492324931358
VINTAGE HEADS AND TAILS CARD GAME,WOODEN BOX OF DOMINOES,0.006392980256972736,0.2156448202959831,7.837387489344898
VINTAGE SNAP CARDS,WOODEN BOX OF DOMINOES,0.009338765277342526,0.21815519765739386,7.92862455267362
ZINC METAL HEART DECORATION,WHITE HANGING HEART T-LIGHT HOLDER,0.010717643371983705,0.3653846153846154,3.037890327494288
WOOD 2 DRAWER CABINET WHITE FINISH,WOOD BLACK BOARD ANT WHITE FINISH,0.006957066750235036,0.2193675889328063,5.962538128488799
WOOD 2 DRAWER CABINET WHITE FINISH,WOODEN FRAME ANTIQUE WHITE,0.011595111250391726,0.3656126482213438,7.291687252964426
WOOD 2 DRAWER CABINET WHITE FINISH,WOODEN PICTURE FRAME WHITE FINISH,0.012409902851770604,0.3913043478260869,7.176161919040479
WOOD BLACK BOARD ANT WHITE FINISH,WOODEN FRAME ANTIQUE WHITE,0.008085239736759637,0.21976149914821128,4.382868398637139
WOOD BLACK BOARD ANT WHITE FINISH,WOODEN PICTURE FRAME WHITE FINISH,0.00940144155437167,0.25553662691652473,4.686306761440405
WOODEN SCHOOL COLOURING SET,WOODEN BOX OF DOMINOES,0.005202130993418991,0.22074468085106386,8.022736635486842
WOODEN FRAME ANTIQUE WHITE,WOODEN PICTURE FRAME WHITE FINISH,0.02920714509558132,0.5825,10.682514367816093
WOODEN HEART CHRISTMAS SCANDINAVIAN,WOODEN STAR CHRISTMAS SCANDINAVIAN,0.01936696960200564,0.6912751677852349,26.51272909137842
